KOI,KIC,Teff,log(g),Prot,e_Prot,Rvar,LPH,w,D,N,C,G,T,F,R,M1,M2,Simbad,_RA,_DE,kepid,kepmag,r,logr
3,10748390,4766,4.59, 29.31, 0.49,12246, 0.607229, 0.431926,0,1,0,0,0,0,0,0,0,Simbad,297.70935,48.08085,10748390,9.174,12246.0,4.087994255099714
42,8866102,6170,4.1, 20.85, 0.09, 1113, 1.022954, 0.524315,0,0,0,0,0,0,0,0,0,Simbad,283.1507,45.13983,8866102,9.364,1113.0,3.0464951643347082
49,9527334,6000,4.5,  8.59, 0.03,15673, 1.232175, 0.684449,0,0,0,0,0,0,0,0,0,Simbad,292.24902,46.16482,9527334,13.704,15673.0,4.195152133593287
82,10187017,4908,4.7, 26.40, 0.48, 4053, 0.715318, 0.493294,0,0,0,0,0,0,0,0,0,Simbad,281.48273,47.20803,10187017,11.492,4053.0,3.607776603741693
85,5866724,6006,4.074,  7.88, 0.21,  269, 0.677549, 0.457439,0,0,0,0,0,0,0,0,0,Simbad,288.68869,41.15118,5866724,11.018,269.0,2.429752280002408
92,7941200,5850,4.28, 16.18, 1.56,  990, 0.315801, 0.252263,0,0,0,0,0,0,0,0,0,Simbad,283.37482,43.78822,7941200,11.667,990.0,2.99563519459755
98,10264660,6395,4.11,  2.61, 0.51,  434, 0.349807, 0.265961,0,0,0,0,0,0,0,0,0,Simbad,287.70883,47.33305,10264660,12.128,434.0,2.637489729512511
100,4055765,6440,3.688,  1.12, 0.01,  876, 0.454565, 0.330680,0,0,0,0,0,0,0,0,0,Simbad,291.17792,39.19949,4055765,12.598,876.0,2.9425041061680806
103,2444412,5531,4.4, 23.28, 0.40, 2619, 0.484030, 0.349231,0,0,0,0,0,0,0,0,0,Simbad,291.68335,37.75159,2444412,12.593,2619.0,3.418135498425232
107,11250587,5816,4.459, 17.58, 0.80,  670, 0.485209, 0.359023,0,0,0,0,0,0,0,0,0,Simbad,294.83517,48.98236,11250587,12.702,670.0,2.8260748027008264
139,8559644,5921,4.558, 16.91, 0.27, 1170, 0.445690, 0.319397,0,0,0,0,0,0,0,0,0,Simbad,291.65317,44.68827,8559644,13.492,1170.0,3.0681858617461617
156,10925104,4450,4.54, 34.92, 1.47, 4291, 0.537733, 0.368060,0,0,0,0,0,0,0,0,0,Simbad,294.12143,48.34952,10925104,13.738,4291.0,3.632558514532672
180,9573539,5680,4.66, 15.59, 0.05,10983, 0.963601, 0.587466,0,0,0,0,0,0,0,0,0,Simbad,284.39429,46.24908,9573539,13.024,10983.0,4.040720983601194
183,9651668,5722,4.708, 22.02, 0.15, 2781, 0.357029, 0.253851,0,0,0,0,0,0,0,0,0,Simbad,292.85574,46.39118,9651668,14.29,2781.0,3.4442009888641594
190,5771719,5425,4.225, 16.68, 0.08,10615, 0.986561, 0.617602,0,0,0,0,0,0,0,0,0,Simbad,284.64886,41.01502,5771719,14.137,10615.0,4.025919998502018
196,9410930,5585,4.512, 20.90, 0.31, 1799, 0.353817, 0.267661,0,0,0,0,0,0,0,0,0,Simbad,294.51324,45.98164,9410930,14.465,1799.0,3.2550311633455515
203,10619192,5634,4.486, 12.05, 0.04,26005, 1.244916, 0.683632,0,0,0,0,0,0,0,0,0,Simbad,298.39526,47.81501,10619192,14.141,26005.0,4.415056858110851
208,3762468,6094,4.585,  3.06, 0.00,12742, 1.375967, 0.733551,0,0,0,0,0,0,0,0,0,Simbad,295.30753,38.88164,3762468,14.996,12742.0,4.1052376007460225
212,6300348,5843,4.538, 16.30, 0.51, 3781, 0.516639, 0.385644,0,0,0,0,0,0,0,0,0,Simbad,296.1398,41.60318,6300348,14.858,3781.0,3.5776066773625357
216,6152974,5086,4.309, 27.66, 0.02, 5298, 0.743729, 0.466846,0,0,0,0,0,0,0,0,0,Simbad,299.21317,41.42483,6152974,14.711,5298.0,3.7241119539612124
217,9595827,5504,4.724, 19.71, 0.06,10257, 0.901040, 0.551097,0,0,0,0,0,0,0,0,0,Simbad,294.86551,46.28585,9595827,15.127,10257.0,4.011020355516257
219,6305192,5347,4.727,  9.01, 0.24, 2215, 0.710437, 0.413772,0,0,0,0,0,0,0,0,0,Simbad,297.21408,41.66404,6305192,14.153,2215.0,3.3453737305590883
227,6185476,4633,5.26, 16.80, 0.03, 5720, 1.149097, 0.649574,0,0,0,0,0,0,0,0,0,Simbad,284.35202,41.5192,6185476,14.267,5720.0,3.7573960287930244
242,3642741,5437,4.507, 12.71, 0.17, 7174, 0.946105, 0.565855,0,0,0,0,0,0,0,0,0,Simbad,290.63651,38.70767,3642741,14.747,7174.0,3.855761372339948
247,11852982,3723,4.823, 16.23, 0.02, 9512, 1.120694, 0.612208,1,0,0,0,0,0,0,0,0,Simbad,284.9986,50.14679,11852982,14.216,9512.0,3.9782718416106353
248,5364071,3937,4.727, 18.34, 0.05, 6708, 0.920557, 0.530634,1,0,0,0,0,0,0,0,0,Simbad,292.29459,40.59179,5364071,15.264,6708.0,3.8265930539340482
249,9390653,3508,4.893, 46.05, 0.73, 4705, 1.122124, 0.559999,1,0,0,0,0,0,0,0,0,Simbad,284.92184,45.9724,9390653,14.486,4705.0,3.6725596277632757
250,9757613,3850,4.801, 17.88, 0.05, 6549, 1.065372, 0.598870,1,0,0,0,0,0,0,0,0,Simbad,284.94098,46.56654,9757613,15.473,6549.0,3.816174990428802
251,10489206,3743,4.77, 14.51, 0.01,16438, 1.609074, 0.741767,1,0,0,0,0,0,0,0,0,Simbad,298.25812,47.60494,10489206,14.752,16438.0,4.215848976111454
252,11187837,3768,4.787, 40.07, 0.22, 8682, 1.098618, 0.555265,1,0,0,0,0,0,0,0,0,Simbad,290.40149,48.82259,11187837,15.613,8682.0,3.938619781502681
257,5514383,6023,4.098,  7.86, 0.04, 1440, 0.459318, 0.324549,0,0,0,0,0,0,0,0,0,Simbad,284.63519,40.71983,5514383,10.868,1440.0,3.1583624920952498
261,5383248,5692,4.4, 14.86, 0.23, 3241, 0.892391, 0.575630,0,0,0,0,0,0,0,0,0,Simbad,297.06961,40.52513,5383248,10.297,3241.0,3.51067903103221
271,9451706,6089,4.473, 10.10, 0.22,  574, 0.382249, 0.311443,0,0,0,0,0,0,0,0,0,Simbad,285.19,46.02796,9451706,11.485,574.0,2.7589118923979736
274,8077137,6090,4.1, 13.07, 0.24,  304, 0.357935, 0.263273,0,0,0,0,0,0,0,0,0,Simbad,282.49222,43.98021,8077137,11.39,304.0,2.482873583608754
279,12314973,6152,4.268, 20.82, 0.16,  769, 0.575209, 0.324934,0,0,0,0,0,0,0,0,0,Simbad,295.48651,51.0135,12314973,11.684,769.0,2.885926339801431
283,5695396,5687,4.4, 17.43, 0.18, 2064, 0.761009, 0.504984,0,0,0,0,0,0,0,0,0,Simbad,288.53082,40.9423,5695396,11.525,2064.0,3.314709692955174
288,9592705,6000,4.0, 13.34, 0.24,  423, 0.588590, 0.417041,0,0,0,0,0,0,0,0,0,Simbad,293.71646,46.22665,9592705,11.02,423.0,2.6263403673750423
294,11259686,5861,4.455, 12.09, 0.18,  923, 0.384994, 0.271420,0,0,0,0,0,0,0,0,0,Simbad,298.26895,48.91674,11259686,12.674,923.0,2.965201701025912
299,2692377,5538,4.3, 23.00, 0.33, 3921, 0.719242, 0.454713,0,0,0,0,0,0,0,0,0,Simbad,285.66165,37.9645,2692377,12.899,3921.0,3.5933968423002067
304,6029239,5885,3.984, 16.57, 0.29, 1905, 0.472466, 0.348674,0,0,0,0,0,0,0,0,0,Simbad,287.08997,41.37388,6029239,12.549,1905.0,3.279894980011638
305,6063220,4782,4.6, 29.78, 1.88, 4255, 0.633274, 0.439071,0,0,0,0,0,0,0,0,0,Simbad,297.354,41.30005,6063220,12.97,4255.0,3.628899564420607
306,6071903,5120,4.162, 17.77, 0.07,13284, 1.257358, 0.662174,0,0,0,0,0,0,0,0,0,Simbad,299.31955,41.38464,6071903,12.63,13284.0,4.1233288669263475
314,7603200,3750,4.5, 19.34, 0.00, 4763, 1.059542, 0.600493,0,0,0,0,0,0,0,0,0,Simbad,290.3815,43.29299,7603200,12.925,4763.0,3.6778805815115905
318,8156120,6366,4.249,  4.99, 0.04, 2881, 0.703495, 0.498648,0,0,0,0,0,0,0,0,0,Simbad,288.15399,44.06882,8156120,12.211,2881.0,3.459543258280413
323,9139084,5403,4.26,  7.64, 0.00,15218, 1.378036, 0.731430,0,0,0,0,0,0,0,0,0,Simbad,284.06113,45.50685,9139084,12.465,15218.0,4.182357579764533
333,10337258,6310,4.45,  6.87, 0.15, 1806, 0.476261, 0.368653,0,0,0,0,0,0,0,0,0,Simbad,290.95792,47.40628,10337258,13.39,1806.0,3.256717745977487
341,10878263,5425,4.326, 18.31, 0.24,14245, 1.179884, 0.633813,0,0,0,0,0,0,0,0,0,Simbad,297.96155,48.24436,10878263,13.338,14245.0,4.153662453575496
345,11074541,4794,4.104, 34.44, 0.89, 6473, 0.594966, 0.370892,0,0,0,0,0,0,0,0,0,Simbad,286.52481,48.6836,11074541,13.34,6473.0,3.8111056070179306
346,11100383,4962,4.387, 15.08, 0.03,14127, 1.330597, 0.707788,0,0,0,0,0,0,0,0,0,Simbad,298.66092,48.60637,11100383,13.524,14127.0,4.150049945162385
348,11194032,4667,4.204, 36.89, 5.63, 4480, 0.573028, 0.347314,0,0,0,0,0,0,0,0,0,Simbad,293.68573,48.82514,11194032,13.933,4480.0,3.651278013998144
354,11568987,5941,3.895, 13.13, 2.32, 1748, 0.349472, 0.273309,0,0,0,0,0,0,0,0,0,Simbad,296.41855,49.5401,11568987,13.235,1748.0,3.2425414282983844
364,7296438,5551,4.448, 25.64, 0.77,  439, 0.747151, 0.443508,0,0,0,0,0,0,0,0,0,Simbad,295.87231,42.88115,7296438,10.087,439.0,2.6424645202421213
372,6471021,5638,4.5, 11.80, 0.04,10365, 1.159815, 0.674156,0,0,0,0,0,0,0,0,0,Simbad,299.12244,41.86676,6471021,12.391,10365.0,4.01556930642988
377,3323887,5722,4.778, 16.71, 0.09, 4761, 0.684144, 0.479656,0,0,0,0,0,0,0,0,0,Simbad,285.57397,38.4009,3323887,13.803,4761.0,3.6776981814745104
387,3733628,4750,4.5, 20.30, 0.04,17699, 1.527656, 0.685037,0,0,0,0,0,0,0,0,0,Simbad,287.21872,38.86252,3733628,13.577,17699.0,4.247948729257255
398,9946525,5101,4.545, 29.04, 0.09, 8199, 0.901501, 0.501629,0,0,0,0,0,0,0,0,0,Simbad,289.78622,46.85879,9946525,15.342,8199.0,3.913760886412323
408,5351250,5631,4.494, 17.48, 0.09,10735, 1.300281, 0.649762,0,0,0,0,0,0,0,0,0,Simbad,288.2341,40.5209,5351250,14.985,10735.0,4.0308020487722676
413,5791986,5236,4.557, 23.00, 0.10, 6424, 0.936620, 0.555208,0,0,0,0,0,0,0,0,0,Simbad,292.16278,41.02324,5791986,14.769,6424.0,3.8078055322706246
417,6879865,5635,4.594, 11.99, 0.01, 4643, 1.145432, 0.670014,0,0,0,0,0,0,0,0,0,Simbad,296.24954,42.33548,6879865,14.847,4643.0,3.666798683666174
419,8219673,5723,4.695, 18.86, 2.14, 2358, 0.407671, 0.322824,0,0,0,0,0,0,0,0,0,Simbad,285.89124,44.18173,8219673,14.519,2358.0,3.3725438007590705
423,9478990,5992,4.448,  4.46, 0.02, 3306, 0.944865, 0.561538,0,0,0,0,0,0,0,0,0,Simbad,296.96027,46.0343,9478990,14.327,3306.0,3.519302849235429
427,10189546,5293,4.496, 25.84, 0.53, 4583, 0.412508, 0.306399,0,0,0,0,0,0,0,0,0,Simbad,283.0228,47.26113,10189546,14.621,4583.0,3.6611498572447867
429,10616679,5093,4.485, 22.82, 0.16, 6121, 0.649571, 0.424838,0,0,0,0,0,0,0,0,0,Simbad,297.70023,47.86375,10616679,14.486,6121.0,3.7868223794991875
430,10717241,4124,4.584, 15.96, 0.08, 7032, 1.159144, 0.649049,0,0,0,0,0,0,0,0,0,Simbad,285.48505,48.05432,10717241,14.897,7032.0,3.8470788620657155
432,10858832,5830,4.457, 18.59, 0.07, 2979, 0.757853, 0.471855,0,0,0,0,0,0,0,0,0,Simbad,290.74768,48.24201,10858832,14.279,2979.0,3.4740705032150436
438,12302530,4351,4.595, 26.53, 0.27, 9686, 1.128364, 0.603417,0,0,0,0,0,0,0,0,0,Simbad,288.49582,51.08194,12302530,14.258,9686.0,3.9861444647105206
446,4633570,4492,4.6, 31.33, 0.83, 2397, 0.508826, 0.350046,0,0,0,0,0,0,0,0,0,Simbad,284.03223,39.78133,4633570,14.427,2397.0,3.379668034033654
448,5640085,4264,4.546, 10.50, 0.02,14929, 1.489744, 0.761342,0,0,0,0,0,0,0,0,0,Simbad,297.07016,40.86879,5640085,14.902,14929.0,4.174030718038026
457,7440748,4931,4.65, 27.86, 0.34, 7995, 0.936994, 0.534722,0,0,0,0,0,0,0,0,0,Simbad,290.51648,43.08382,7440748,14.196,7995.0,3.9028184680822533
463,8845205,3504,4.917, 49.43, 0.93,10845, 0.960646, 0.496924,1,0,0,0,0,0,0,0,0,Simbad,300.20609,45.01814,8845205,14.708,10845.0,4.035229556350212
464,8890783,5362,4.464, 26.22, 0.24, 4366, 0.701462, 0.441077,0,0,0,0,0,0,0,0,0,Simbad,293.7471,45.10722,8890783,14.361,4366.0,3.6400837313731205
466,9008220,5907,4.896, 14.64, 0.06,10202, 1.237763, 0.640959,0,0,0,0,0,0,0,0,0,Simbad,286.15198,45.33256,9008220,14.663,10202.0,4.008685319195168
470,9844088,5542,4.653, 19.13, 0.06, 5603, 0.803624, 0.523054,0,0,0,0,0,0,0,0,0,Simbad,296.83838,46.6264,9844088,14.749,5603.0,3.7484206224675685
474,10460984,6143,4.468, 15.33, 0.06, 1510, 0.505063, 0.319473,0,0,0,0,0,0,0,0,0,Simbad,287.78085,47.62991,10460984,14.282,1510.0,3.1789769472931693
477,10934674,5039,4.513, 25.08, 0.07, 8596, 0.954152, 0.554446,0,0,0,0,0,0,0,0,0,Simbad,297.67261,48.30231,10934674,14.687,8596.0,3.9342964068194055
478,10990886,3727,4.375, 34.22, 0.26, 9298, 0.990295, 0.556844,0,0,0,0,0,0,0,0,0,Simbad,298.10571,48.40115,10990886,14.273,9298.0,3.9683895418470683
480,11134879,5324,4.511, 20.68, 0.12,10080, 1.003065, 0.586859,0,0,0,0,0,0,0,0,0,Simbad,290.43759,48.79188,11134879,14.332,10080.0,4.003460532109506
492,3559935,5373,4.263, 29.81, 0.17, 4535, 0.466720, 0.298282,0,0,0,0,0,0,0,0,0,Simbad,295.18292,38.65423,3559935,14.424,4535.0,3.656577291396114
496,4454752,5237,4.319, 14.90, 0.00,26810, 1.359440, 0.690792,0,0,0,0,0,0,0,0,0,Simbad,288.75494,39.56365,4454752,14.411,26810.0,4.42829681398288
500,4852528,4250,4.519, 25.56, 0.14,10033, 0.894793, 0.576744,0,0,0,0,0,0,0,0,0,Simbad,296.11258,39.97878,4852528,14.804,10033.0,4.001430812246398
503,5340644,4110,4.55, 30.58, 0.06, 5128, 0.603178, 0.414723,0,0,0,0,0,0,0,0,0,Simbad,283.49982,40.5528,5340644,15.0,5128.0,3.709948016510761
505,5689351,4985,4.242, 25.36, 0.77, 6822, 0.721937, 0.494740,0,0,0,0,0,0,0,0,0,Simbad,285.99988,40.91932,5689351,14.194,6822.0,3.8339117150713786
507,5812960,5117,4.408, 12.44, 0.03,15100, 1.166685, 0.641404,0,0,0,0,0,0,0,0,0,Simbad,297.50369,41.05702,5812960,14.915,15100.0,4.17897694729317
509,6381846,5437,4.565, 21.46, 0.14, 8436, 0.836817, 0.524176,0,0,0,0,0,0,0,0,0,Simbad,296.77191,41.75554,6381846,14.883,8436.0,3.926136571067449
510,6422155,5355,4.388, 23.31, 0.12, 4028, 0.658003, 0.457678,0,0,0,0,0,0,0,0,0,Simbad,283.36841,41.82186,6422155,14.532,4028.0,3.6050894618815805
511,6451936,5802,4.404, 15.02, 0.60, 3101, 0.422220, 0.313086,0,0,0,0,0,0,0,0,0,Simbad,294.6467,41.88411,6451936,14.209,3101.0,3.4915017662373264
517,8015907,5510,4.314, 18.83, 0.60, 9469, 1.010180, 0.586755,0,0,0,0,0,0,0,0,0,Simbad,286.5285,43.8734,8015907,14.034,9469.0,3.976304116552003
520,8037145,5048,4.465, 33.89, 0.92, 6109, 0.541120, 0.328006,0,0,0,0,0,0,0,0,0,Simbad,294.66797,43.85326,8037145,14.55,6109.0,3.7859701251320095
525,9119458,5524,4.281, 21.25, 0.37, 3859, 0.676458, 0.458336,0,0,0,0,0,0,0,0,0,Simbad,300.90778,45.45787,9119458,14.539,3859.0,3.5864747785713966
530,10266615,5517,4.842, 24.06, 0.17, 4337, 0.766597, 0.466329,0,0,0,0,0,0,0,0,0,Simbad,288.67068,47.39914,10266615,14.909,4337.0,3.637189422148762
531,10395543,3892,4.781, 46.71, 0.32, 4372, 0.742956, 0.393293,1,0,0,0,0,0,0,0,0,Simbad,287.69119,47.5469,10395543,14.418,4372.0,3.6406801532776654
538,11090765,5923,4.427, 17.22, 0.37, 1347, 0.462326, 0.324989,0,0,0,0,0,0,0,0,0,Simbad,294.95145,48.65119,11090765,14.56,1347.0,3.1293675957229854
550,4165473,5635,4.675, 22.58, 1.67, 4871, 0.755051, 0.460693,0,0,0,0,0,0,0,0,0,Simbad,293.47012,39.25281,4165473,14.07,4871.0,3.68761812957177
554,5443837,5835,4.641,  4.18, 0.04,11466, 1.172379, 0.639959,0,0,0,0,0,0,0,0,0,Simbad,290.35114,40.687,5443837,14.545,11466.0,4.059411937438656
558,5978361,5281,4.58, 35.58, 2.24, 3089, 0.465593, 0.259397,0,0,0,0,0,0,0,0,0,Simbad,296.66275,41.26124,5978361,14.874,3089.0,3.4898179083014504
560,6501635,5142,4.834, 15.78, 0.03,27725, 1.220556, 0.683854,0,0,0,0,0,0,0,0,0,Simbad,283.83307,41.97865,6501635,14.721,27725.0,4.442871554821198
569,8008206,5039,4.546, 31.52, 1.08, 2591, 0.402124, 0.287835,0,0,0,0,0,0,0,0,0,Simbad,282.46811,43.88991,8008206,14.458,2591.0,3.413467412985825
571,8120608,3815,4.761, 34.29, 0.03, 7759, 1.266008, 0.613620,1,0,0,0,0,0,0,0,0,Simbad,298.65271,43.95502,8120608,14.625,7759.0,3.8898057518680855
579,8616637,5074,4.6, 29.90, 0.27, 6128, 0.698461, 0.429193,0,0,0,0,0,0,0,0,0,Simbad,288.58405,44.7338,8616637,14.137,6128.0,3.7873187566245474
581,8822216,5514,4.856, 18.23, 0.42, 7022, 0.836353, 0.548240,0,0,0,0,0,0,0,0,0,Simbad,293.17133,45.0656,8822216,14.807,7022.0,3.8464608251293324
582,9020160,5103,4.65, 21.17, 0.04,12153, 1.133510, 0.618062,0,0,0,0,0,0,0,0,0,Simbad,291.18338,45.32317,9020160,14.808,12153.0,4.08468349790325
588,9631762,4431,4.459, 20.86, 0.06,10872, 1.205784, 0.658229,0,0,0,0,0,0,0,0,0,Simbad,282.45059,46.3214,9631762,14.337,10872.0,4.036309443724438
590,9782691,6106,4.546, 13.33, 0.38, 2009, 0.406442, 0.286665,0,0,0,0,0,0,0,0,0,Simbad,296.4986,46.57724,9782691,14.615,2009.0,3.3029799367482493
593,9958962,5737,4.617, 15.04, 0.09,10327, 1.271396, 0.655588,0,0,0,0,0,0,0,0,0,Simbad,294.98914,46.83833,9958962,14.957,10327.0,4.013974177020916
596,10388286,3624,4.825, 37.69, 0.20,12276, 1.196486, 0.600467,1,0,0,0,0,0,0,0,0,Simbad,283.74069,47.51629,10388286,14.818,12276.0,4.089056879759785
598,10656823,5171,4.811, 25.81, 0.15, 7463, 0.859335, 0.512081,0,0,0,0,0,0,0,0,0,Simbad,288.12097,47.96667,10656823,14.813,7463.0,3.8729134416203954
599,10676824,5820,4.54, 20.06, 2.32, 1881, 0.375890, 0.266029,0,0,0,0,0,0,0,0,0,Simbad,296.12073,47.92148,10676824,14.854,1881.0,3.274388795550379
601,10973664,5862,4.576, 10.86, 0.02,16669, 1.077459, 0.649562,0,0,0,0,0,0,0,0,0,Simbad,290.84906,48.41601,10973664,14.697,16669.0,4.221909546588134
605,4832837,4270,4.757, 28.25, 0.47, 8960, 0.744496, 0.497834,0,0,0,0,0,0,0,0,0,Simbad,290.92731,39.91415,4832837,14.915,8960.0,3.9523080096621253
607,5441980,5497,4.608, 13.13, 0.14,13985, 0.999786, 0.606605,0,0,0,0,0,0,0,0,0,Simbad,289.80908,40.61584,5441980,14.377,13985.0,4.1456624707075465
610,5686174,4072,4.529, 37.27, 0.54, 6278, 0.790046, 0.455697,0,0,0,0,0,0,0,0,0,Simbad,284.47849,40.9331,5686174,14.672,6278.0,3.797821311364024
618,10353968,5471,4.516, 26.09, 0.59, 7783, 0.745349, 0.447292,0,0,0,0,0,0,0,0,0,Simbad,296.98672,47.47739,10353968,14.959,7783.0,3.891147030448771
620,11773022,5803,4.544,  8.17, 0.00,11877, 1.275478, 0.720465,0,0,0,0,0,0,0,0,0,Simbad,296.47977,49.93768,11773022,14.669,11877.0,4.074706756471867
624,3541946,5537,4.728, 15.38, 0.07,10168, 0.906050, 0.584684,0,0,0,0,0,0,0,0,0,Simbad,290.67313,38.69101,3541946,13.597,10168.0,4.007235537545951
632,4827723,5273,4.642, 22.35, 0.33, 9955, 1.016078, 0.576776,0,0,0,0,0,0,0,0,0,Simbad,289.41782,39.94501,4827723,13.359,9955.0,3.998041264363428
635,5020319,6065,4.423,  8.92, 0.38, 3928, 0.712156, 0.503617,0,0,0,0,0,0,0,0,0,Simbad,294.37354,40.19463,5020319,13.034,3928.0,3.594171479114912
638,5113822,5722,4.308, 17.99, 0.36, 3236, 0.372578, 0.285652,0,0,0,0,0,0,0,0,0,Simbad,295.55942,40.23627,5113822,13.595,3236.0,3.5100085129402347
639,5120087,6166,4.443,  7.79, 0.04, 1112, 0.317574, 0.255044,0,0,0,0,0,0,0,0,0,Simbad,296.88577,40.22823,5120087,13.5,1112.0,3.0461047872460387
652,5796675,4628,4.791, 17.20, 0.10,10184, 0.870054, 0.500236,0,0,0,0,0,0,0,0,0,Simbad,293.59189,41.09516,5796675,13.653,10184.0,4.007918390645599
654,5941160,5799,4.236, 18.92, 2.04, 2135, 0.373905, 0.283182,0,0,0,0,0,0,0,0,0,Simbad,284.40991,41.23746,5941160,13.984,2135.0,3.329397879361043
658,6062088,5676,4.526, 15.26, 0.96, 2629, 0.668308, 0.462850,0,0,0,0,0,0,0,0,0,Simbad,297.09,41.38803,6062088,13.989,2629.0,3.419790586106363
661,6347299,5825,4.403, 16.90, 0.53, 1915, 0.379014, 0.305182,0,0,0,0,0,0,0,0,0,Simbad,285.3472,41.76192,6347299,13.909,1915.0,3.2821687783046416
665,6685609,5864,4.378, 15.48, 0.96, 1153, 0.393931, 0.310820,0,0,0,0,0,0,0,0,0,Simbad,290.03052,42.16605,6685609,13.182,1153.0,3.061829307294699
673,7124613,6338,4.343,  4.79, 0.20, 1585, 0.495708, 0.383055,0,0,0,0,0,0,0,0,0,Simbad,293.83456,42.62496,7124613,13.343,1585.0,3.2000292665537704
676,7447200,4218,4.554, 12.29, 0.02,16820, 1.193746, 0.641618,0,0,0,0,0,0,0,0,0,Simbad,292.50339,43.08315,7447200,13.822,16820.0,4.225825991461893
678,7509886,5073,4.174, 13.74, 0.00,27719, 1.412489, 0.709603,0,0,0,0,0,0,0,0,0,Simbad,285.43915,43.16848,7509886,13.283,27719.0,4.442777558468063
683,7630229,5624,4.665, 16.47, 0.33, 1995, 0.518734, 0.363708,0,0,0,0,0,0,0,0,0,Simbad,297.82431,43.25838,7630229,13.714,1995.0,3.299942900022767
694,8802165,5596,4.866, 22.80, 2.25, 2195, 0.436553, 0.317583,0,0,0,0,0,0,0,0,0,Simbad,283.89966,45.01689,8802165,13.939,2195.0,3.34143452457814
698,8891278,6250,4.0, 22.80, 3.83, 1808, 0.583377, 0.315240,0,0,0,0,0,0,0,0,0,Simbad,293.91364,45.18979,8891278,13.816,1808.0,3.2571984261393445
704,9266431,5276,4.468, 20.85, 0.15, 6537, 1.100768, 0.606826,0,0,0,0,0,0,0,0,0,Simbad,284.38617,45.71971,9266431,13.704,6537.0,3.815378484965918
714,9702072,5444,4.664, 26.79, 0.32, 3463, 0.598225, 0.381797,0,0,0,0,0,0,0,0,0,Simbad,288.00812,46.47356,9702072,13.393,3463.0,3.539452491549461
718,9884104,5801,4.668, 17.36, 0.20, 1424, 0.469993, 0.357306,0,0,0,0,0,0,0,0,0,Simbad,288.73898,46.76256,9884104,13.764,1424.0,3.1535099893008374
719,9950612,4750,4.5, 30.76, 0.09, 3991, 0.684853, 0.446372,0,0,0,0,0,0,0,0,0,Simbad,291.50616,46.89574,9950612,13.177,3991.0,3.6010817277840235
720,9963524,5123,4.543,  9.43, 0.00,17232, 1.550362, 0.737377,0,0,0,0,0,0,0,0,0,Simbad,296.65475,46.83527,9963524,13.749,17232.0,4.2363356859539065
723,10002866,5244,4.655, 11.07, 0.02,13499, 1.408664, 0.730950,0,0,0,0,0,0,0,0,0,Simbad,287.9061,46.93777,10002866,15.063,13499.0,4.130301597341845
728,10221013,5976,4.544, 19.51, 0.13, 5001, 0.718227, 0.426053,0,0,0,0,0,0,0,0,0,Simbad,296.6423,47.23033,10221013,15.356,5001.0,3.699056854547668
733,10271806,5038,4.846, 21.88, 0.22, 9450, 0.898356, 0.581065,0,0,0,0,0,0,0,0,0,Simbad,290.9343,47.3576,10271806,15.644,9450.0,3.975431808509263
735,10287242,5080,4.47, 27.61, 0.16,65103, 1.193501, 0.587990,0,0,0,0,0,0,0,0,0,Simbad,296.69336,47.39215,10287242,15.637,65103.0,4.813601001677658
739,10386984,4001,4.694, 39.53, 0.73, 4064, 0.519223, 0.324503,1,0,0,0,0,0,0,0,0,Simbad,282.9838,47.57859,10386984,15.488,4064.0,3.6089536992758626
750,10662202,4619,4.624, 12.58, 0.01, 9336, 1.418444, 0.749066,0,0,0,0,0,0,0,0,0,Simbad,290.46512,47.92918,10662202,15.377,9336.0,3.9701608430373136
751,10682541,5174,4.547, 23.02, 0.17,12572, 0.738823, 0.503571,0,0,0,0,0,0,0,0,0,Simbad,297.80826,47.94667,10682541,15.861,12572.0,4.099404372345543
752,10797460,5584,4.406, 24.88, 2.81, 3543, 0.413913, 0.284306,0,0,0,0,0,0,0,0,0,Simbad,291.93423,48.14165,10797460,15.347,3543.0,3.549371152333177
753,10811496,5648,4.843,  6.86, 0.00,16048, 1.467028, 0.759265,0,0,0,0,0,0,0,0,0,Simbad,297.00482,48.13413,10811496,15.436,16048.0,4.205420915676343
755,10854555,5781,4.438, 20.47, 0.18, 5944, 0.728436, 0.449797,0,0,0,0,0,0,0,0,0,Simbad,288.75488,48.2262,10854555,15.509,5944.0,3.774078800752519
757,10910878,4956,4.686, 16.21, 0.29, 3367, 0.522882, 0.299397,0,0,0,0,0,0,0,0,0,Simbad,286.99948,48.37579,10910878,15.841,3367.0,3.5272431163880884
758,10987985,4869,4.284, 21.67, 0.29,15117, 1.150687, 0.635801,0,0,0,0,0,0,0,0,0,Simbad,297.02563,48.47859,10987985,15.39,15117.0,4.179465613075431
765,11391957,5345,4.7, 18.99, 0.15, 9325, 1.175347, 0.632547,0,0,0,0,0,0,0,0,0,Simbad,285.49924,49.27735,11391957,15.317,9325.0,3.9696488404807253
767,11414511,5431,4.438, 24.11, 0.16, 5057, 0.719357, 0.458988,0,0,0,0,0,0,0,0,0,Simbad,297.01547,49.22529,11414511,15.052,5057.0,3.7038929536325447
775,11754553,4075,4.535, 11.97, 0.00,13863, 1.263080, 0.670536,0,0,0,0,0,0,0,0,0,Simbad,286.73804,49.97575,11754553,15.095,13863.0,4.141857223238367
777,11818800,5256,4.479, 11.58, 0.04,45408, 1.283499, 0.712532,0,0,0,0,0,0,0,0,0,Simbad,294.31686,50.08023,11818800,15.487,45408.0,4.6571323737773795
778,11853255,4082,4.605, 35.55, 0.29, 4987, 0.640101, 0.411147,0,0,0,0,0,0,0,0,0,Simbad,285.17621,50.14982,11853255,15.135,4987.0,3.697839368218363
781,11923270,3603,4.835, 36.62, 0.33,18511, 1.248856, 0.617963,1,0,0,0,0,0,0,0,0,Simbad,296.22195,50.28722,11923270,15.937,18511.0,4.267429880814005
783,12020329,5284,4.762, 41.06, 0.67, 5284, 0.561508, 0.288967,0,0,0,0,0,0,0,0,0,Simbad,295.45529,50.49456,12020329,15.08,5284.0,3.7229628089424898
784,12066335,4112,4.569, 23.27, 0.21, 7100, 1.024849, 0.629225,0,0,0,0,0,0,0,0,0,Simbad,293.97336,50.53191,12066335,15.385,7100.0,3.8512583487190755
790,12470844,5176,5.058, 32.19, 1.57, 3544, 0.400953, 0.258380,0,0,0,0,0,0,0,0,0,Simbad,296.36652,51.31952,12470844,15.339,3544.0,3.5494937132150133
791,12644822,5564,4.528, 23.46, 0.13, 7420, 0.979218, 0.538977,0,0,0,0,0,0,0,0,0,Simbad,289.11221,51.73738,12644822,15.14,7420.0,3.870403905279027
797,3115833,5725,4.531, 15.13, 0.04, 4354, 0.508885, 0.362563,0,0,0,0,0,0,0,0,0,Simbad,291.28195,38.24167,3115833,15.657,4354.0,3.6388884247050757
801,3351888,5472,4.391, 30.11, 8.26, 3287, 0.427381, 0.260655,0,0,0,0,0,0,0,0,0,Simbad,293.87192,38.42294,3351888,15.001,3287.0,3.5167997040816243
802,3453214,5556,5.009, 15.06, 0.17, 6943, 0.747624, 0.490799,0,0,0,0,0,0,0,0,0,Simbad,293.81619,38.56357,3453214,15.562,6943.0,3.841547165256553
805,3734868,5415,4.366, 10.17, 0.09,11212, 0.506357, 0.300321,0,0,0,0,0,0,0,0,0,Simbad,287.69675,38.88645,3734868,15.646,11212.0,4.049683089088249
806,3832474,5206,4.531, 15.92, 0.05,14698, 1.126807, 0.670175,0,0,0,0,0,0,0,0,0,Simbad,285.28363,38.94728,3832474,15.403,14698.0,4.167258243043628
809,3935914,5690,4.481, 16.41, 0.57, 4382, 0.368022, 0.261177,0,0,0,0,0,0,0,0,0,Simbad,285.21381,39.02748,3935914,15.53,4382.0,3.6416723732246865
811,4049131,4764,4.432, 23.14, 0.12,14916, 1.370066, 0.654263,0,0,0,0,0,0,0,0,0,Simbad,289.31543,39.15328,4049131,15.398,14916.0,4.1736523746892695
812,4139816,4097,4.661, 38.48, 0.18, 5176, 0.611612, 0.375352,0,0,0,0,0,0,0,0,0,Simbad,286.07913,39.27832,4139816,15.954,5176.0,3.713994267660644
817,4725681,3765,4.771, 15.48, 0.02,17715, 1.406595, 0.750680,1,0,0,0,0,0,0,0,0,Simbad,283.86639,39.89808,4725681,15.414,17715.0,4.248341156669196
818,4913852,3569,4.851, 34.52, 0.09,12818, 0.961029, 0.561693,1,0,0,0,0,0,0,0,0,Simbad,288.81201,40.0334,4913852,15.877,12818.0,4.107820267248048
823,5115978,5976,4.427,  1.02, 0.00, 8685, 1.364913, 0.697422,0,0,0,0,0,0,0,0,0,Simbad,296.00699,40.29543,5115978,15.202,8685.0,3.9387698227831174
837,5531576,4817,4.751, 32.21, 0.48, 7960, 0.887865, 0.495543,0,0,0,0,0,0,0,0,0,Simbad,291.15878,40.75027,5531576,15.66,7960.0,3.900913067737669
841,5792202,5226,4.655, 14.89, 0.01,28338, 1.433646, 0.693738,0,0,0,0,0,0,0,0,0,Simbad,292.23676,41.08588,5792202,15.855,28338.0,4.452369195960344
842,5794379,4497,4.524, 38.17, 1.84, 4092, 0.503086, 0.314644,0,0,0,0,0,0,0,0,0,Simbad,292.91312,41.06092,5794379,15.389,4092.0,3.6119356250401227
851,6392727,5570,4.551,  7.67, 0.00,17242, 1.434670, 0.752661,0,0,0,0,0,0,0,0,0,Simbad,299.18686,41.74268,6392727,15.287,17242.0,4.236587640756995
853,6428700,4842,4.472, 15.81, 0.01, 6879, 1.237566, 0.700776,0,0,0,0,0,0,0,0,0,Simbad,286.5657,41.8084,6428700,15.376,6879.0,3.8375253094496014
854,6435936,3559,4.857, 20.21, 0.03,16995, 1.308766, 0.715966,1,0,0,0,0,0,0,0,0,Simbad,289.50848,41.81212,6435936,15.849,16995.0,4.230321168919079
857,6587280,5033,4.629, 26.31, 3.79, 9614, 0.714334, 0.482348,0,0,0,0,0,0,0,0,0,Simbad,285.11047,42.03396,6587280,15.086,9614.0,3.982904117792628
861,6685526,5066,4.634, 31.28, 1.02, 3088, 0.332502, 0.251378,0,0,0,0,0,0,0,0,0,Simbad,290.00757,42.11646,6685526,15.001,3088.0,3.4896772916636984
867,6863998,5059,4.521, 22.94, 0.03,10822, 1.031011, 0.589191,0,0,0,0,0,0,0,0,0,Simbad,292.10519,42.38032,6863998,15.219,10822.0,4.034307529596563
868,6867155,4118,4.517, 28.36, 0.18,20998, 1.440156, 0.656810,0,0,0,0,0,0,0,0,0,Simbad,293.00797,42.3072,6867155,15.172,20998.0,4.322177931384976
869,6948054,5085,4.455, 19.60, 0.02,26150, 1.347565, 0.656825,0,0,0,0,0,0,0,0,0,Simbad,291.63898,42.43632,6948054,15.599,26150.0,4.417471693203293
870,6949607,4590,4.294, 18.03, 0.09,14461, 1.237759, 0.692636,0,0,0,0,0,0,0,0,0,Simbad,292.13702,42.42942,6949607,15.036,14461.0,4.160198326116569
871,7031517,5650,5.051,  5.15, 0.33, 9622, 1.188331, 0.645666,0,0,0,0,0,0,0,0,0,Simbad,291.11969,42.50707,7031517,15.215,9622.0,3.9832653525665456
872,7109675,5127,4.592, 27.83, 0.11, 5921, 0.732263, 0.456578,0,0,0,0,0,0,0,0,0,Simbad,289.26874,42.60417,7109675,15.262,5921.0,3.7723950610820003
874,7134976,5037,4.561, 22.95, 0.06,11300, 1.168505, 0.613040,0,0,0,0,0,0,0,0,0,Simbad,296.48343,42.66343,7134976,15.024,11300.0,4.05307844348342
875,7135852,4198,4.865, 38.82, 1.14, 5472, 0.533511, 0.335256,0,0,0,0,0,0,0,0,0,Simbad,296.69394,42.62611,7135852,15.692,5472.0,3.73814608871206
877,7287995,4500,4.7, 13.44, 0.00,13466, 1.584418, 0.725350,0,0,0,0,0,0,0,0,0,Simbad,293.63696,42.82497,7287995,15.019,13466.0,4.129238610131926
881,7373451,5053,4.816, 30.67, 1.07, 4295, 0.527231, 0.355054,0,0,0,0,0,0,0,0,0,Simbad,294.90973,42.93526,7373451,15.859,4295.0,3.632963168167261
883,7380537,4674,4.821,  8.99, 0.01,24256, 1.366990, 0.697203,0,0,0,0,0,0,0,0,0,Simbad,296.68307,42.96787,7380537,15.766,24256.0,4.38481918395196
886,7455287,3573,4.928, 34.65, 0.04,11257, 1.342436, 0.646032,1,0,0,0,0,0,0,0,0,Simbad,294.77393,43.0563,7455287,15.847,11257.0,4.051422666089034
889,757450,5101,4.48, 19.40, 0.04,15449, 1.239332, 0.646698,0,0,0,0,0,0,0,0,0,Simbad,291.1376,36.57738,757450,15.264,15449.0,4.188900373175912
895,7767559,5436,4.372,  5.10, 0.02,21955, 1.287100, 0.670042,0,0,0,0,0,0,0,0,0,Simbad,296.41019,43.45539,7767559,15.403,21955.0,4.341533441440407
896,7825899,5190,4.7, 24.93, 0.20,10670, 0.943511, 0.541235,0,0,0,0,0,0,0,0,0,Simbad,293.0614,43.58136,7825899,15.258,10670.0,4.02816441942447
897,7849854,5734,4.461, 14.87, 0.45, 4095, 0.486382, 0.345892,0,0,0,0,0,0,0,0,0,Simbad,299.56189,43.50356,7849854,15.257,4095.0,3.6122539060964374
898,7870390,3984,4.718, 21.86, 0.16, 5624, 0.864023, 0.520597,1,0,0,0,0,0,0,0,0,Simbad,282.23251,43.66563,7870390,15.777,5624.0,3.7500453120117676
899,7907423,3574,4.851, 36.63, 0.11, 5505, 0.866722, 0.518400,1,0,0,0,0,0,0,0,0,Simbad,296.98505,43.65852,7907423,15.234,5505.0,3.7407573233077707
902,8018547,4312,4.616, 15.52, 0.03, 8818, 1.122979, 0.626820,0,0,0,0,0,0,0,0,0,Simbad,287.85239,43.89799,8018547,15.754,8818.0,3.9453700944903036
904,8150320,4362,4.556, 13.72, 0.00,13758, 1.207098, 0.658365,0,0,0,0,0,0,0,0,0,Simbad,285.16833,44.02646,8150320,15.791,13758.0,4.138555305113583
907,8247638,5634,4.35, 27.56, 1.02, 2973, 0.414738, 0.253809,0,0,0,0,0,0,0,0,0,Simbad,296.56622,44.10586,8247638,15.223,2973.0,3.473194909204938
911,8490993,5820,4.783, 18.84, 0.60, 3003, 0.460180, 0.329323,0,0,0,0,0,0,0,0,0,Simbad,290.26328,44.55645,8490993,15.399,3003.0,3.477555332198981
912,8505670,4214,4.608, 11.07, 0.00,14606, 1.519192, 0.754431,0,0,0,0,0,0,0,0,0,Simbad,295.57935,44.54596,8505670,15.058,14606.0,4.164531296305431
913,8544996,5463,4.749, 24.92, 2.71, 2763, 0.379041, 0.287836,0,0,0,0,0,0,0,0,0,Simbad,284.83047,44.65814,8544996,15.198,2763.0,3.4413808849165113
918,8672910,5321,4.544, 17.47, 0.05,13176, 1.167982, 0.646841,0,0,0,0,0,0,0,0,0,Simbad,283.97751,44.81156,8672910,15.011,13176.0,4.119783586161698
922,8826878,5253,4.456, 22.65, 0.20, 9456, 0.952093, 0.561049,0,0,0,0,0,0,0,0,0,Simbad,294.84689,45.03441,8826878,15.365,9456.0,3.97570746353718
936,9388479,3520,4.881, 36.02, 0.14,13599, 1.007660, 0.569401,1,0,0,0,0,0,0,0,0,Simbad,283.73203,45.95877,9388479,15.073,13599.0,4.13350697377835
941,9480189,4998,4.304, 21.31, 0.10,23526, 1.042475, 0.615999,0,0,0,0,0,0,0,0,0,Simbad,297.31598,46.02326,9480189,15.471,23526.0,4.371548092683851
942,9512687,4997,4.734, 31.53, 1.22, 4090, 0.534969, 0.355335,0,0,0,0,0,0,0,0,0,Simbad,284.68887,46.17225,9512687,15.386,4090.0,3.611723308007342
947,9710326,3721,4.824, 25.34, 1.25, 5513, 1.008923, 0.613260,1,0,0,0,0,0,0,0,0,Simbad,291.86285,46.42926,9710326,15.19,5513.0,3.741387992479269
951,9775938,4767,4.255, 26.64, 0.07,14334, 1.346566, 0.634643,0,0,0,0,0,0,0,0,0,Simbad,294.06848,46.57933,9775938,15.223,14334.0,4.156367400133521
952,9787239,3784,4.756, 36.84, 0.08,11473, 1.155741, 0.581291,1,0,0,0,0,0,0,0,0,Simbad,297.84241,46.57427,9787239,15.801,11473.0,4.059676993584756
956,9875711,4580,4.334, 39.85, 0.85, 3251, 0.657533, 0.369731,0,0,0,0,0,0,0,0,0,Simbad,283.86603,46.78959,9875711,15.223,3251.0,3.5120169694961265
974,9414417,6069,4.339, 10.83, 0.04,  357, 0.949501, 0.574513,0,0,0,0,0,0,0,0,0,Simbad,295.80267,45.98808,9414417,9.582,357.0,2.552668216112193
975,3632418,6131,3.9, 12.53, 0.17,  417, 0.470547, 0.328272,0,0,0,0,0,0,0,0,0,Simbad,287.36182,38.71402,3632418,8.224,417.0,2.6201360549737576
984,1161345,5836,4.145,  8.03, 0.00,14800, 1.407038, 0.733651,0,0,0,0,0,0,0,0,0,Simbad,291.0488,36.83988,1161345,11.631,14800.0,4.1702617153949575
986,2854698,5348,4.923, 19.20, 0.01,15229, 1.394005, 0.663251,0,0,0,0,0,0,0,0,0,Simbad,291.92596,38.01412,2854698,14.138,15229.0,4.182671386675478
987,7295235,5244,4.564, 20.51, 0.48, 5229, 1.088711, 0.609612,0,0,0,0,0,0,0,0,0,Simbad,295.57416,42.80644,7295235,12.55,5229.0,3.7184186418296554
988,2302548,5052,4.009, 12.32, 0.01,19539, 1.527251, 0.719377,0,0,0,0,0,0,0,0,0,Simbad,291.36478,37.60917,2302548,13.562,19539.0,4.290902332893745
999,2165002,5118,4.569, 22.46, 0.11, 7798, 1.203988, 0.616265,0,0,0,0,0,0,0,0,0,Simbad,292.46976,37.56779,2165002,15.391,7798.0,3.891983230851967
1017,8174625,5350,4.414, 31.48, 3.84, 2418, 0.428636, 0.264071,0,0,0,0,0,0,0,0,0,Simbad,294.84384,44.07768,8174625,15.007,2418.0,3.383456296524753
1024,2715135,4162,4.613, 21.49, 0.21, 8041, 0.974415, 0.588904,0,0,0,0,0,0,0,0,0,Simbad,291.90326,37.90229,2715135,14.496,8041.0,3.9053100621160857
1050,5809890,4894,4.399, 29.97, 0.63, 5710, 0.626197, 0.423762,0,0,0,0,0,0,0,0,0,Simbad,296.86099,41.09734,5809890,13.999,5710.0,3.756636108245848
1053,5956656,5403,4.593, 27.56, 0.40, 3539, 0.459470, 0.311993,0,0,0,0,0,0,0,0,0,Simbad,290.60794,41.20109,5956656,15.376,3539.0,3.548880562637515
1066,8260218,5472,4.52, 13.23, 0.16, 3687, 0.466731, 0.287877,0,0,0,0,0,0,0,0,0,Simbad,299.78632,44.16954,8260218,15.623,3687.0,3.5666731376061165
1074,10272640,6075,4.49,  4.06, 0.00,17109, 1.304748, 0.716675,0,0,0,0,0,0,0,0,0,Simbad,291.27563,47.32949,10272640,15.439,17109.0,4.233224626304768
1078,10166274,3880,4.723, 22.38, 0.69, 4894, 0.741863, 0.448675,1,0,0,0,0,0,0,0,0,Simbad,299.83041,47.15746,10166274,15.438,4894.0,3.6896639650157703
1085,10118816,3879,4.729, 39.89, 0.02, 6559, 0.943699, 0.499483,1,0,0,0,0,0,0,0,0,Simbad,281.05011,47.18815,10118816,15.233,6559.0,3.816837630902035
1101,3245969,4825,4.789, 27.96, 0.48, 4546, 0.400131, 0.255972,0,0,0,0,0,0,0,0,0,Simbad,294.11566,38.39348,3245969,15.681,4546.0,3.657629431388952
1141,8346392,3967,4.699, 18.01, 0.04,10642, 1.079919, 0.613029,1,0,0,0,0,0,0,0,0,Simbad,282.72406,44.34647,8346392,15.95,10642.0,4.027023254588704
1145,8313667,5808,4.557, 12.92, 0.24, 2146, 0.678546, 0.467835,0,0,0,0,0,0,0,0,0,Simbad,296.54861,44.26467,8313667,14.143,2146.0,3.3316297176299323
1146,8351704,3776,4.786, 25.51, 0.50, 3009, 0.577639, 0.358182,1,0,0,0,0,0,0,0,0,Simbad,285.62854,44.31089,8351704,15.649,3009.0,3.4784221877400805
1160,10330115,5164,4.881, 19.78, 0.05,13256, 1.028473, 0.616462,0,0,0,0,0,0,0,0,0,Simbad,287.65363,47.41481,10330115,15.987,13256.0,4.122412495411281
1174,10287723,4305,4.352, 41.29, 1.53, 1589, 0.502117, 0.298003,0,0,0,0,0,0,0,0,0,Simbad,296.82162,47.35403,10287723,13.447,1589.0,3.2011238972073794
1175,10350571,5394,4.589, 41.62,11.40, 1245, 0.580690, 0.297149,0,0,0,0,0,0,0,0,0,Simbad,295.92065,47.44861,10350571,13.29,1245.0,3.095169351431755
1176,3749365,4601,4.687, 18.29, 0.07,12840, 1.090764, 0.630278,0,0,0,0,0,0,0,0,0,Simbad,292.0683,38.84227,3749365,15.715,12840.0,4.108565023732835
1194,3554031,4350,4.677, 22.91, 0.33, 9966, 0.808937, 0.495812,0,0,0,0,0,0,0,0,0,Simbad,293.80441,38.63913,3554031,15.842,9966.0,3.998520882835038
1199,3859079,4746,4.497, 34.22, 0.37, 3562, 0.756558, 0.439968,0,0,0,0,0,0,0,0,0,Simbad,293.74393,38.93928,3859079,14.887,3562.0,3.551693915127225
1201,4061149,3732,4.766, 29.45, 0.54, 5636, 0.937387, 0.580268,1,0,0,0,0,0,0,0,0,Simbad,292.57703,39.12088,4061149,15.597,5636.0,3.750970984437319
1202,3444588,4196,4.737, 36.28, 0.55, 8992, 0.919013, 0.501510,0,0,0,0,0,0,0,0,0,Simbad,291.69247,38.5729,3444588,15.854,8992.0,3.953856298224986
1255,8494263,5521,4.785,  2.02, 0.00, 4559, 0.706048, 0.407051,0,0,0,0,0,0,0,0,0,Simbad,291.44522,44.52869,8494263,15.913,4559.0,3.6588695922019623
1266,8547140,4342,4.574, 29.72, 0.41, 3715, 0.650924, 0.441056,0,0,0,0,0,0,0,0,0,Simbad,286.07523,44.66464,8547140,15.314,3715.0,3.569958818096594
1270,8564587,5145,4.868, 32.91, 3.66, 3128, 0.420669, 0.264853,0,0,0,0,0,0,0,0,0,Simbad,293.6413,44.65704,8564587,14.809,3128.0,3.4952667443878105
1298,10604335,4157,4.476, 18.11, 0.10, 7976, 1.081127, 0.623443,0,0,0,0,0,0,0,0,0,Simbad,293.61371,47.839,10604335,15.847,7976.0,3.901785145303599
1300,10975146,4369,4.513, 39.15, 4.37, 2916, 0.468837, 0.299003,0,0,0,0,0,0,0,0,0,Simbad,291.59409,48.44561,10975146,14.285,2916.0,3.4647875196459372
1302,10724369,5659,4.6, 29.53, 0.51, 1428, 0.557570, 0.320610,0,0,0,0,0,0,0,0,0,Simbad,289.08365,48.01813,10724369,14.755,1428.0,3.1547282074401557
1305,10730034,5235,4.712, 27.04, 1.47, 3919, 0.629071, 0.417138,0,0,0,0,0,0,0,0,0,Simbad,291.3909,48.06561,10730034,15.173,3919.0,3.5931752634781025
1320,4164994,4936,4.63, 34.72, 3.22, 7089, 0.567980, 0.345009,0,0,0,0,0,0,0,0,0,Simbad,293.36285,39.21245,4164994,15.95,7089.0,3.8505849763520312
1330,4150539,4451,4.577, 35.25, 0.11, 3905, 0.525834, 0.359371,0,0,0,0,0,0,0,0,0,Simbad,289.7261,39.27283,4150539,15.703,3905.0,3.591621038213319
1331,4274548,4652,4.741, 24.34, 0.42, 7444, 1.230374, 0.631546,0,0,0,0,0,0,0,0,0,Simbad,294.50842,39.39868,4274548,15.238,7444.0,3.8718063644587293
1337,4243911,5067,4.566, 31.34, 0.28, 9878, 0.863983, 0.476936,0,0,0,0,0,0,0,0,0,Simbad,285.61746,39.37953,4243911,14.829,9878.0,3.9946690218255294
1353,7303287,6031,4.095,  8.73, 0.00,16470, 1.318867, 0.693405,0,0,0,0,0,0,0,0,0,Simbad,297.46533,42.88284,7303287,13.956,16470.0,4.216693599169754
1361,6960913,4050,4.622, 35.39, 1.07, 4110, 0.596715, 0.395729,0,0,0,0,0,0,0,0,0,Simbad,295.3045,42.47529,6960913,14.995,4110.0,3.6138418218760693
1366,6932987,5559,4.643, 31.19, 0.50, 3211, 0.512215, 0.294262,0,0,0,0,0,0,0,0,0,Simbad,286.35806,42.40651,6932987,15.368,3211.0,3.5066403055665023
1391,8958035,6012,4.506, 10.07, 0.01, 6534, 0.887637, 0.577079,0,0,0,0,0,0,0,0,0,Simbad,293.70905,45.28639,8958035,14.36,6534.0,3.8151791301394185
1396,9455556,5667,4.572, 24.38, 0.12, 5761, 0.602822, 0.376203,0,0,0,0,0,0,0,0,0,Simbad,287.392,46.05931,9455556,15.843,5761.0,3.760497875226527
1397,9427402,3952,4.719, 42.13, 0.12, 5339, 0.618269, 0.355590,1,0,0,0,0,0,0,0,0,Simbad,299.6777,45.97233,9427402,15.369,5339.0,3.7274599208579087
1403,9214942,4209,4.573, 29.46, 0.11, 6777, 0.997725, 0.564179,0,0,0,0,0,0,0,0,0,Simbad,290.47995,45.6007,9214942,15.473,6777.0,3.8310374856400253
1404,8874090,4400,4.728, 33.04, 1.26, 4692, 0.587596, 0.413814,0,0,0,0,0,0,0,0,0,Simbad,287.05453,45.18037,8874090,15.931,4692.0,3.671358003443492
1408,9150827,4036,4.468, 25.27, 0.06, 6387, 0.972428, 0.604935,0,0,0,0,0,0,0,0,0,Simbad,290.29456,45.56461,9150827,14.688,6387.0,3.805296916157985
1420,11026304,4682,4.566, 42.89, 2.94, 5368, 0.625081, 0.334998,0,0,0,0,0,0,0,0,0,Simbad,290.1127,48.57778,11026304,15.825,5368.0,3.729812507160936
1425,11254382,5639,4.853, 21.49, 2.02, 3802, 0.356838, 0.280062,0,0,0,0,0,0,0,0,0,Simbad,296.32199,48.97148,11254382,15.269,3802.0,3.5800121125294244
1427,11129738,3976,4.721, 33.93, 0.77, 3925, 0.418756, 0.292540,1,0,0,0,0,0,0,0,0,Simbad,287.85773,48.77411,11129738,15.84,3925.0,3.5938396610812715
1436,11389771,5616,4.523, 22.66, 0.22, 2868, 0.486678, 0.341769,0,0,0,0,0,0,0,0,0,Simbad,283.98297,49.23299,11389771,14.271,2868.0,3.4575791469957626
1439,11027624,5967,4.312, 17.91, 0.48,  470, 0.477385, 0.316126,0,0,0,0,0,0,0,0,0,Simbad,290.85178,48.52134,11027624,12.849,470.0,2.6720978579357175
1445,11336883,6336,4.355,  5.30, 0.06,  418, 0.542021, 0.420205,0,0,0,0,0,0,0,0,0,Simbad,283.9368,49.11033,11336883,12.32,418.0,2.621176281775035
1456,7832356,5604,4.308, 14.90, 0.09,11156, 1.284770, 0.665884,0,0,0,0,0,0,0,0,0,Simbad,295.095,43.53758,7832356,15.014,11156.0,4.0475085055940125
1458,12120943,5751,4.862,  0.23, 0.00, 4651, 0.975405, 0.537554,0,0,0,0,0,0,0,0,0,Simbad,296.57153,50.67785,12120943,15.703,4651.0,3.6675463395115164
1465,11702948,5619,4.846, 13.52, 0.04, 9760, 1.079586, 0.642764,0,0,0,0,0,0,0,0,0,Simbad,286.14938,49.86751,11702948,14.245,9760.0,3.9894498176666917
1475,4770365,4097,4.587, 26.80, 0.29,21007, 1.171147, 0.620520,0,0,0,0,0,0,0,0,0,Simbad,297.43039,39.84784,4770365,15.937,21007.0,4.32236403543911
1477,7811397,5346,4.711, 21.99, 0.05,11648, 0.808145, 0.523094,0,0,0,0,0,0,0,0,0,Simbad,287.65396,43.50572,7811397,15.917,11648.0,4.066251361968962
1480,7512982,4948,4.738, 26.85, 0.35, 5056, 0.578871, 0.399368,0,0,0,0,0,0,0,0,0,Simbad,286.74188,43.1901,7512982,15.887,5056.0,3.7038070652743285
1481,9597806,5620,4.472, 18.32, 0.19, 7560, 1.018092, 0.581641,0,0,0,0,0,0,0,0,0,Simbad,295.57727,46.25474,9597806,15.455,7560.0,3.8785217955012063
1489,9823487,5014,4.611, 21.86, 0.13, 9771, 0.917586, 0.590971,0,0,0,0,0,0,0,0,0,Simbad,288.23666,46.60592,9823487,15.554,9771.0,3.9899390132845354
1491,9726659,5059,4.403, 26.31, 0.49, 4597, 0.840353, 0.512571,0,0,0,0,0,0,0,0,0,Simbad,297.77927,46.49274,9726659,15.297,4597.0,3.6624745037503095
1515,7871954,4103,4.565, 41.09, 0.63, 2813, 0.639768, 0.370687,0,0,0,0,0,0,0,0,0,Simbad,283.13547,43.65705,7871954,14.39,2813.0,3.449169732165201
1521,9818462,4962,4.419, 31.14, 0.39, 4114, 0.741469, 0.444564,0,0,0,0,0,0,0,0,0,Simbad,285.2962,46.60344,9818462,14.817,4114.0,3.614264287358705
1531,11764462,5811,4.412, 22.88, 0.08, 1476, 0.774089, 0.448993,0,0,0,0,0,0,0,0,0,Simbad,292.58444,49.92316,11764462,13.069,1476.0,3.1690863574870227
1537,9872292,6063,4.372, 12.63, 0.20,  430, 0.496013, 0.359938,0,1,0,0,0,0,0,0,0,Simbad,281.46173,46.78989,9872292,11.74,430.0,2.6334684555795866
1541,4840513,6164,4.527,  2.45, 0.00, 8659, 1.008682, 0.594980,0,0,0,0,0,0,0,0,0,Simbad,293.19507,39.90728,4840513,15.189,8659.0,3.9374677396433775
1546,5475431,5505,4.967,  0.91, 0.00,15271, 1.534542, 0.745057,0,0,0,0,0,0,0,0,0,Simbad,298.5137,40.63962,5475431,14.456,15271.0,4.183867477152165
1547,5283458,5901,4.61,  7.76, 0.00,10400, 1.342267, 0.725631,0,0,0,0,0,0,0,0,0,Simbad,294.2009,40.45596,5283458,15.673,10400.0,4.017033339298781
1552,7984047,4650,4.46, 37.19, 0.71, 6691, 0.651469, 0.381055,0,0,0,0,0,0,0,0,0,Simbad,298.92593,43.75037,7984047,15.915,6691.0,3.825491029879431
1557,5371776,4783,4.249, 14.16, 0.03,11030, 1.136094, 0.624912,0,0,0,0,0,0,0,0,0,Simbad,294.44177,40.55759,5371776,14.84,11030.0,4.042575512440191
1576,5299459,5445,4.352, 25.76, 0.20, 3949, 0.735950, 0.448911,0,0,0,0,0,0,0,0,0,Simbad,297.79514,40.41771,5299459,14.072,3949.0,3.5964871337365443
1584,9941066,4147,4.517, 31.80, 0.24, 8886, 0.863750, 0.515510,0,0,0,0,0,0,0,0,0,Simbad,286.58539,46.87093,9941066,15.961,8886.0,3.948706308904852
1588,5617854,4106,4.584, 30.91, 0.68, 5199, 0.880418, 0.528515,0,0,0,0,0,0,0,0,0,Simbad,291.15295,40.88749,5617854,14.699,5199.0,3.7159198174335795
1589,5301750,5755,4.422, 19.39, 0.51, 2040, 0.337916, 0.266345,0,0,0,0,0,0,0,0,0,Simbad,298.25204,40.49608,5301750,14.764,2040.0,3.3096301674258988
1590,5542466,4830,4.495, 32.57, 3.56, 4257, 0.430077, 0.315946,0,0,0,0,0,0,0,0,0,Simbad,294.36487,40.72088,5542466,15.674,4257.0,3.6291036501771363
1612,10963065,6043,4.157, 12.41, 0.30,  221, 0.348683, 0.281593,0,0,0,0,0,0,0,0,0,Simbad,284.78619,48.42323,10963065,8.769,221.0,2.3443922736851106
1615,4278221,5534,4.56,  7.73, 0.01, 7277, 1.194863, 0.658293,0,0,0,0,0,0,0,0,0,Simbad,295.32251,39.37649,4278221,11.524,7277.0,3.8619523749214517
1616,9015738,5942,4.528, 11.64, 1.55,  888, 0.505711, 0.372181,0,0,0,0,0,0,0,0,0,Simbad,289.50635,45.371,9015738,11.538,888.0,2.948412965778601
1618,7215603,6086,4.315,  7.13, 0.02,  309, 0.462587, 0.334647,0,0,0,0,0,0,0,0,0,Simbad,296.04736,42.74301,7215603,11.6,309.0,2.4899584794248346
1621,5561278,5945,4.322, 18.26, 0.42,  494, 0.453913, 0.303976,0,0,0,0,0,0,0,0,0,Simbad,298.5892,40.75069,5561278,11.855,494.0,2.693726948923647
1627,6543893,5207,4.589, 25.44, 0.59, 7396, 0.580794, 0.422470,0,0,0,0,0,0,0,0,0,Simbad,297.58313,41.95243,6543893,15.767,7396.0,3.8689969024871353
1628,6975129,5993,4.151,  5.73, 0.65, 5079, 1.000912, 0.597666,0,0,0,0,0,0,0,0,0,Simbad,298.39575,42.45975,6975129,12.949,5079.0,3.705778212828598
1633,9401997,5220,4.651, 32.45, 1.41, 3480, 0.630833, 0.369150,0,0,0,0,0,0,0,0,0,Simbad,290.98331,45.9733,9401997,15.2,3480.0,3.5415792439465807
1637,10686864,4894,4.867, 12.92, 0.12, 5250, 0.617017, 0.350760,0,0,0,0,0,0,0,0,0,Simbad,299.05127,47.94928,10686864,15.759,5250.0,3.720159303405957
1646,11046025,4837,4.297, 31.62, 0.28, 4765, 0.553460, 0.381117,0,0,0,0,0,0,0,0,0,Simbad,298.46579,48.55941,11046025,14.293,4765.0,3.6780629049743454
1649,11337141,3765,4.78, 25.76, 0.32, 6182, 0.740093, 0.462471,1,0,0,0,0,0,0,0,0,Simbad,284.13287,49.14261,11337141,14.963,6182.0,3.791129000727286
1675,5360920,5534,4.88, 21.07, 0.12, 6299, 0.798452, 0.502101,0,0,0,0,0,0,0,0,0,Simbad,291.33719,40.5582,5360920,15.789,6299.0,3.7992716083498728
1681,5531953,3614,4.867, 24.27, 0.06, 7499, 1.100423, 0.645342,1,0,0,0,0,0,0,0,0,Simbad,291.285,40.73005,5531953,15.855,7499.0,3.8750033536000412
1683,6034945,5701,4.423, 16.81, 0.28, 7739, 0.965215, 0.573235,0,0,0,0,0,0,0,0,0,Simbad,289.38351,41.39269,6034945,14.63,7739.0,3.888684846659699
1687,6198999,4667,4.375, 24.32, 0.18,15240, 1.358752, 0.648805,0,0,0,0,0,0,0,0,0,Simbad,289.92072,41.54283,6198999,15.32,15240.0,4.1829849670035815
1700,7220429,4858,4.216, 34.39, 0.25, 1334, 0.521047, 0.333806,0,0,0,0,0,0,0,0,0,Simbad,297.13263,42.76825,7220429,14.471,1334.0,3.12515582958053
1704,7386827,5453,4.351, 18.84, 0.09,10573, 1.130695, 0.618280,0,0,0,0,0,0,0,0,0,Simbad,298.01443,42.95746,7386827,14.86,10573.0,4.024198232206868
1711,7955580,4934,4.324, 19.83, 0.48, 4112, 0.762796, 0.464372,0,0,0,0,0,0,0,0,0,Simbad,290.28845,43.75532,7955580,15.061,4112.0,3.614053105987219
1713,8230616,4105,4.552, 37.21, 0.27, 3649, 0.413941, 0.292589,0,0,0,0,0,0,0,0,0,Simbad,290.82602,44.18411,8230616,15.224,3649.0,3.5621738633646483
1716,9838949,4747,4.266, 30.61, 0.12, 4208, 0.757669, 0.471480,0,0,0,0,0,0,0,0,0,Simbad,295.02167,46.61922,9838949,14.925,4208.0,3.6240757311456826
1721,10019065,5428,4.894, 28.52, 3.55, 2854, 0.461300, 0.299457,0,0,0,0,0,0,0,0,0,Simbad,294.78915,46.98399,10019065,15.004,2854.0,3.4554539687786283
1731,8266276,4593,4.467, 26.14, 1.12,11162, 1.041636, 0.589682,0,0,0,0,0,0,0,0,0,Simbad,301.4693,44.15965,8266276,15.72,11162.0,4.047742018180641
1732,6869184,5403,4.736, 17.62, 0.02,10814, 1.320309, 0.661748,0,0,0,0,0,0,0,0,0,Simbad,293.60126,42.37976,6869184,15.737,10814.0,4.033986365239606
1747,7032421,5458,4.795, 19.39, 0.22, 8563, 1.018122, 0.589272,0,0,0,0,0,0,0,0,0,Simbad,291.41833,42.57982,7032421,14.792,8563.0,3.9326259440217823
1751,9729691,5052,4.341, 23.58, 0.62, 8118, 0.872034, 0.554527,0,0,0,0,0,0,0,0,0,Simbad,298.60788,46.45368,9729691,14.548,8118.0,3.9094490469812664
1758,6705142,5410,4.983,  9.42, 0.04,12519, 1.074497, 0.602604,0,0,0,0,0,0,0,0,0,Simbad,295.43436,42.16632,6705142,15.969,12519.0,4.097569639431371
1760,3967760,5345,4.485, 14.99, 0.08,14007, 1.096067, 0.657404,0,0,0,0,0,0,0,0,0,Simbad,294.94388,39.03206,3967760,15.377,14007.0,4.146345128650468
1781,11551692,4720,3.906, 10.42, 0.01,17152, 1.211806, 0.634437,0,0,0,0,0,0,0,0,0,Simbad,287.60559,49.52326,11551692,12.231,17152.0,4.234314768012676
1788,2975770,4683,4.34, 19.71, 0.17,20017, 1.265395, 0.672180,0,0,0,0,0,0,0,0,0,Simbad,287.73755,38.11456,2975770,14.521,20017.0,4.301398989173564
1797,10676014,4760,4.221, 10.82, 0.01,17890, 1.376189, 0.721219,0,0,0,0,0,0,0,0,0,Simbad,295.85938,47.93951,10676014,12.971,17890.0,4.252610340567373
1800,11017901,5382,4.44,  6.49, 0.00,18750, 1.399538, 0.728701,0,0,0,0,0,0,0,0,0,Simbad,285.26859,48.56001,11017901,12.394,18750.0,4.273001272063738
1801,5088591,5178,4.47,  7.56, 0.00,22017, 1.285494, 0.665047,0,0,0,0,0,0,0,0,0,Simbad,288.47144,40.26979,5088591,14.625,22017.0,4.342758142419291
1802,11298298,5868,4.496, 13.75, 0.15, 5933, 0.823473, 0.542217,0,0,0,0,0,0,0,0,0,Simbad,292.53082,49.06171,11298298,13.345,5933.0,3.773274348337454
1804,11187436,4813,4.575,  4.60, 0.00,66012, 1.530515, 0.745231,0,0,0,0,0,0,0,0,0,Simbad,290.15634,48.81899,11187436,15.625,66012.0,4.81962289099739
1805,4644952,5647,4.08, 13.42, 0.03,15943, 1.177723, 0.658421,0,0,0,0,0,0,0,0,0,Simbad,288.81195,39.77066,4644952,13.828,15943.0,4.202570046097484
1808,7761918,6032,4.351,  8.53, 0.07, 1580, 0.500349, 0.360231,0,0,0,0,0,0,0,0,0,Simbad,294.74332,43.46121,7761918,12.487,1580.0,3.1986570869544226
1813,9455325,5359,4.366, 18.99, 0.11, 8947, 1.048906, 0.610461,0,0,0,0,0,0,0,0,0,Simbad,287.25668,46.06677,9455325,13.766,8947.0,3.951677437343301
1815,9872283,4680,3.976, 18.73, 0.18,13362, 1.125466, 0.658626,0,0,0,0,0,0,0,0,0,Simbad,281.45718,46.74647,9872283,13.884,13362.0,4.1258714674176815
1818,7870032,5543,4.329, 15.79, 0.03, 9872, 0.975017, 0.606751,0,0,0,0,0,0,0,0,0,Simbad,282.03549,43.63127,7870032,14.101,9872.0,3.9944051466891666
1819,9597058,5258,4.862, 12.83, 0.01,21955, 1.271864, 0.713277,0,0,0,0,0,0,0,0,0,Simbad,295.31314,46.23749,9597058,13.576,21955.0,4.341533441440407
1820,8277797,5297,4.213, 18.95, 0.05, 8983, 1.183185, 0.635989,0,0,0,0,0,0,0,0,0,Simbad,281.34882,44.29524,8277797,13.53,8983.0,3.953421399681035
1821,8832512,5326,4.411,  9.51, 0.00,16687, 1.390787, 0.747307,0,0,0,0,0,0,0,0,0,Simbad,296.75296,45.0411,8832512,14.943,16687.0,4.222378265944956
1825,5375194,5432,4.057, 10.21, 0.00,12640, 1.069103, 0.608080,0,0,0,0,0,0,0,0,0,Simbad,295.30008,40.55659,5375194,13.895,12640.0,4.101747073946366
1829,7697568,5186,4.544, 18.96, 0.04,11722, 0.994570, 0.621914,0,0,0,0,0,0,0,0,0,Simbad,296.52243,43.36337,7697568,15.911,11722.0,4.0690017170456
1830,3326377,4926,4.493, 18.68, 0.01,16182, 1.410491, 0.679109,0,0,0,0,0,0,0,0,0,Simbad,286.55807,38.40537,3326377,14.443,16182.0,4.209032196836535
1832,11709244,5550,4.407, 14.14, 0.04,18233, 1.280043, 0.674976,0,0,0,0,0,0,0,0,0,Simbad,289.83542,49.82563,11709244,15.009,18233.0,4.2608581319711405
1833,11853878,4300,4.674, 10.58, 0.00,15665, 1.245084, 0.655206,0,0,0,0,0,0,0,0,0,Simbad,285.60254,50.11204,11853878,14.265,15665.0,4.194930399217724
1835,9471268,5004,4.163,  9.65, 0.01,13518, 1.416319, 0.744820,0,0,0,0,0,0,0,0,0,Simbad,294.32553,46.00225,9471268,13.693,13518.0,4.1309124421074745
1837,10657406,5174,4.395, 18.05, 0.03,15351, 1.287769, 0.659668,0,0,0,0,0,0,0,0,0,Simbad,288.3725,47.93356,10657406,13.733,15351.0,4.18613667169178
1838,5526527,4399,4.277,  9.31, 0.00,40884, 1.598036, 0.756009,0,0,0,0,0,0,0,0,0,Simbad,289.62524,40.70873,5526527,14.786,40884.0,4.611553379615502
1839,5856571,5263,3.946,  6.26, 0.00,20363, 1.184422, 0.619358,0,0,0,0,0,0,0,0,0,Simbad,284.09457,41.18282,5856571,13.237,20363.0,4.308841761261316
1840,7765528,5869,4.366,  5.59, 0.00,15277, 1.151553, 0.644414,0,0,0,0,0,0,0,0,0,Simbad,295.8287,43.42549,7765528,14.915,15277.0,4.184038078626889
1841,11760231,5051,4.424, 25.31, 0.17, 5853, 1.241748, 0.610327,0,0,0,0,0,0,0,0,0,Simbad,290.16525,49.92386,11760231,13.218,5853.0,3.7673785241141804
1842,7779077,5389,4.411, 11.22, 0.03,14394, 1.327871, 0.722503,0,0,0,0,0,0,0,0,0,Simbad,299.25031,43.41044,7779077,14.306,14394.0,4.158181498351475
1843,5080636,3578,4.808, 34.19, 0.27,15122, 1.154074, 0.610675,1,0,0,0,0,0,0,0,0,Simbad,285.01309,40.22075,5080636,14.404,15122.0,4.1796092337262
1845,3338885,4717,4.015, 38.43, 1.67, 3866, 0.893586, 0.468939,0,0,0,0,0,0,0,0,0,Simbad,290.54855,38.49528,3338885,14.438,3866.0,3.5872618496925344
1847,6776401,5160,4.41, 21.04, 0.02,10135, 1.070729, 0.606772,0,0,0,0,0,0,0,0,0,Simbad,291.5162,42.24819,6776401,14.812,10135.0,4.005823753029028
1848,7430034,6025,4.442, 18.71, 0.03, 1927, 1.141377, 0.581183,0,0,0,0,0,0,0,0,0,Simbad,286.71072,43.04345,7430034,13.429,1927.0,3.284881714655453
1849,9735426,5066,4.697, 26.87, 1.09, 5720, 0.537485, 0.381250,0,0,0,0,0,0,0,0,0,Simbad,300.37128,46.40828,9735426,14.624,5720.0,3.7573960287930244
1851,10464050,5712,4.627, 13.94, 0.11,10675, 1.049420, 0.622332,0,0,0,0,0,0,0,0,0,Simbad,289.2489,47.6501,10464050,14.769,10675.0,4.028367883697062
1854,9662811,5435,4.174, 24.40, 1.26, 1856, 0.575509, 0.397160,0,0,0,0,0,0,0,0,0,Simbad,296.95886,46.39413,9662811,13.534,1856.0,3.268577971882843
1856,11570749,5203,4.144, 27.58, 0.23, 6873, 0.719131, 0.447726,0,0,0,0,0,0,0,0,0,Simbad,297.07861,49.50208,11570749,14.082,6873.0,3.83714634390906
1858,8160953,5503,4.438, 18.51, 0.06,12274, 1.047362, 0.599008,0,0,0,0,0,0,0,0,0,Simbad,290.14432,44.04995,8160953,14.767,12274.0,4.088986118947913
1860,4157325,5708,4.369, 21.46, 1.36, 2454, 0.411171, 0.295464,0,0,0,0,0,0,0,0,0,Simbad,291.55695,39.22729,4157325,14.028,2454.0,3.3898745583909853
1861,3648437,5938,4.725,  6.55, 0.00,16227, 1.235965, 0.698538,0,0,0,0,0,0,0,0,0,Simbad,292.16617,38.73905,3648437,13.926,16227.0,4.210238236161727
1863,11126381,5975,4.576, 11.53, 0.21, 4942, 0.784395, 0.531167,0,0,0,0,0,0,0,0,0,Simbad,285.66711,48.71956,11126381,13.631,4942.0,3.6939027410660605
1866,9520838,5741,4.535, 18.29, 0.83, 4962, 0.812514, 0.506544,0,0,0,0,0,0,0,0,0,Simbad,289.41107,46.13085,9520838,14.986,4962.0,3.6956567599361905
1867,8167996,3800,4.769, 25.07, 4.34, 3429, 0.757890, 0.470542,1,0,0,0,0,0,0,0,0,Simbad,292.64236,44.08767,8167996,15.018,3429.0,3.535167485114944
1868,6773862,3953,4.705, 24.90, 0.05, 8292, 1.076009, 0.628344,1,0,0,0,0,0,0,0,0,Simbad,290.7084,42.23725,6773862,15.22,8292.0,3.918659293421823
1870,10187159,5004,4.298, 33.17, 1.10, 5499, 0.610254, 0.370743,0,0,0,0,0,0,0,0,0,Simbad,281.58292,47.23363,10187159,14.425,5499.0,3.7402837196818792
1877,10454632,4818,4.155, 25.77, 0.25,12413, 1.107470, 0.595566,0,0,0,0,0,0,0,0,0,Simbad,284.4303,47.64178,10454632,13.389,12413.0,4.093876755390045
1879,8367644,3644,4.843, 21.77, 0.02, 9657, 0.916702, 0.537561,1,0,0,0,0,0,0,0,0,Simbad,292.61411,44.39466,8367644,15.967,9657.0,3.984842231405276
1880,10332883,3837,4.737, 19.00, 0.04, 6503, 1.240032, 0.698309,1,0,0,0,0,0,0,0,0,Simbad,289.07224,47.40707,10332883,14.44,6503.0,3.8131137540078988
1881,4035640,5093,4.474, 18.38, 0.01,19302, 1.292969, 0.660929,0,0,0,0,0,0,0,0,0,Simbad,284.61572,39.13104,4035640,14.907,19302.0,4.285602311285613
1883,11758544,6063,4.339, 11.54, 0.28,  759, 0.318798, 0.268020,0,0,0,0,0,0,0,0,0,Simbad,289.23337,49.93893,11758544,11.894,759.0,2.88024177589548
1884,4851530,5077,4.485, 11.43, 0.03,11418, 1.157495, 0.625868,0,0,0,0,0,0,0,0,0,Simbad,295.9024,39.91836,4851530,15.462,11418.0,4.057590038670664
1886,9549648,6065,4.005,  7.45, 0.07,  596, 0.473551, 0.340043,0,0,0,0,0,0,0,0,0,Simbad,299.66046,46.19842,9549648,12.239,596.0,2.7752462597402365
1889,11074178,5537,4.585, 19.80, 0.09, 6913, 1.090394, 0.595374,0,0,0,0,0,0,0,0,0,Simbad,286.27386,48.61871,11074178,15.338,6913.0,3.8396665568824333
1890,7449136,5936,4.348,  6.44, 0.05,  583, 0.486573, 0.318473,0,0,0,0,0,0,0,0,0,Simbad,293.0795,43.07371,7449136,11.704,583.0,2.765668554759014
1892,9030537,5468,4.685, 26.92, 0.70, 3337, 0.592739, 0.375022,0,0,0,0,0,0,0,0,0,Simbad,294.8161,45.30612,9030537,15.5,3337.0,3.5233562066547925
1895,4263293,4288,4.731,  8.69, 0.00,35222, 1.630970, 0.761566,0,0,0,0,0,0,0,0,0,Simbad,291.83432,39.30736,4263293,15.862,35222.0,4.546814012741506
1900,9353314,4251,4.548, 17.77, 0.25,11769, 1.403569, 0.698911,0,0,0,0,0,0,0,0,0,Simbad,295.90656,45.80912,9353314,14.744,11769.0,4.070739562849198
1904,8766650,4908,4.062, 21.05, 0.03,10520, 0.975804, 0.607096,0,0,0,0,0,0,0,0,0,Simbad,296.54752,44.94193,8766650,13.395,10520.0,4.0220157398177205
1905,10328393,4942,4.327, 23.81, 0.12, 8475, 1.279435, 0.631212,0,0,0,0,0,0,0,0,0,Simbad,286.66296,47.4137,10328393,14.017,8475.0,3.9281397068751196
1907,7094486,3902,4.725, 18.18, 0.00, 9959, 1.208191, 0.679025,1,0,0,0,0,0,0,0,0,Simbad,282.85992,42.66576,7094486,15.278,9959.0,3.998215732370958
1908,5706966,4174,4.506, 24.43, 0.06,10200, 1.279427, 0.647880,0,0,0,0,0,0,0,0,0,Simbad,292.28607,40.91359,5706966,14.731,10200.0,4.008600171761918
1909,10130039,5856,4.457, 16.48, 0.17, 1367, 0.371237, 0.299603,0,0,0,0,0,0,0,0,0,Simbad,287.14066,47.11519,10130039,12.776,1367.0,3.1357685145678222
1911,9965957,5276,4.55, 17.17, 0.07,21639, 1.174019, 0.653625,0,0,0,0,0,0,0,0,0,Simbad,297.40155,46.824,9965957,15.196,21639.0,4.335237186909729
1913,9704384,5416,4.413, 21.81, 0.67, 4561, 0.617701, 0.446113,0,0,0,0,0,0,0,0,0,Simbad,289.29626,46.45795,9704384,13.317,4561.0,3.6590600722409383
1914,8426567,4843,4.108, 12.97, 0.03,10920, 1.224955, 0.663113,0,0,0,0,0,0,0,0,0,Simbad,290.24805,44.43524,8426567,14.417,10920.0,4.038222638368718
1916,6037581,5776,4.525, 10.25, 0.11, 3804, 0.758619, 0.486451,0,0,0,0,0,0,0,0,0,Simbad,290.23764,41.33138,6037581,13.598,3804.0,3.5802405082653763
1920,8218379,5303,4.601, 26.08, 0.04, 4398, 0.794066, 0.480232,0,0,0,0,0,0,0,0,0,Simbad,285.12204,44.1106,8218379,14.64,4398.0,3.6432552250247716
1923,4989057,5352,4.197, 31.93, 5.24, 1914, 0.508653, 0.305171,0,0,0,0,0,0,0,0,0,Simbad,283.46936,40.13261,4989057,14.139,1914.0,3.281941933440825
1931,10978763,5417,4.723, 16.84, 0.06,16510, 1.248667, 0.657084,0,0,0,0,0,0,0,0,0,Simbad,293.35172,48.44464,10978763,14.531,16510.0,4.217747073262793
1934,4242147,4389,4.77, 16.34, 0.15, 7888, 0.875212, 0.497855,0,0,0,0,0,0,0,0,0,Simbad,284.96967,39.36029,4242147,14.649,7888.0,3.8969669019331548
1937,10190777,4212,4.55, 22.92, 0.04,15046, 1.324152, 0.660508,0,0,0,0,0,0,0,0,0,Simbad,283.71753,47.20445,10190777,13.59,15046.0,4.177421057483169
1939,7045496,5239,4.734, 14.42, 0.01,24733, 1.549637, 0.701590,0,0,0,0,0,0,0,0,0,Simbad,295.2049,42.55968,7045496,15.164,24733.0,4.393276797494561
1940,10005788,4218,4.581, 18.66, 0.02, 8766, 1.051356, 0.611156,0,0,0,0,0,0,0,0,0,Simbad,289.35202,46.97373,10005788,15.389,8766.0,3.9428014663179405
1942,2832589,5081,4.832, 21.10, 0.07,13340, 1.099234, 0.616624,0,0,0,0,0,0,0,0,0,Simbad,286.00674,38.00954,2832589,15.409,13340.0,4.12515582958053
1944,2438513,6265,3.977, 13.23, 0.12,14393, 1.382395, 0.651362,0,0,0,0,0,0,0,0,0,Simbad,290.32867,37.72311,2438513,13.982,14393.0,4.158151325392703
1958,9836149,5722,4.823, 10.39, 0.00,15557, 1.321896, 0.705358,0,0,0,0,0,0,0,0,0,Simbad,293.98157,46.68775,9836149,15.2,15557.0,4.191925851711436
1959,4813563,4741,4.44, 25.85, 0.40, 3540, 0.605173, 0.393604,0,0,0,0,0,0,0,0,0,Simbad,283.60526,39.99798,4813563,14.254,3540.0,3.5490032620257876
1963,10917681,5811,4.517, 13.87, 0.06, 2877, 0.612553, 0.436531,0,0,0,0,0,0,0,0,0,Simbad,290.60745,48.35718,10917681,14.107,2877.0,3.458939861890326
1969,9244756,5435,4.575, 12.66, 0.09, 9774, 1.128958, 0.661260,0,0,0,0,0,0,0,0,0,Simbad,300.41751,45.60552,9244756,15.017,9774.0,3.990072334692153
1971,9347009,4872,4.772, 25.58, 0.39, 8164, 0.844055, 0.543519,0,0,0,0,0,0,0,0,0,Simbad,293.68192,45.81756,9347009,15.719,8164.0,3.911902996044033
1972,11253711,5816,4.5, 20.96, 0.47, 1123, 0.648604, 0.405977,0,0,0,0,0,0,0,0,0,Simbad,296.08975,48.95537,11253711,13.8,1123.0,3.050379756261458
1973,4917596,4360,4.493, 13.01, 0.02, 9076, 1.050210, 0.573418,0,0,0,0,0,0,0,0,0,Simbad,289.93085,40.09775,4917596,15.753,9076.0,3.9578944872128985
1977,9412760,4250,4.585, 13.16, 0.02,10159, 1.519508, 0.734472,0,0,0,0,0,0,0,0,0,Simbad,295.22879,45.97102,9412760,14.028,10159.0,4.006850960324272
1978,9518318,5693,4.477, 21.93, 0.47, 4408, 0.703395, 0.437992,0,0,0,0,0,0,0,0,0,Simbad,288.0119,46.11761,9518318,15.214,4408.0,3.6442415858437287
1980,11769890,5431,4.588, 21.98, 0.10, 7808, 0.870721, 0.529933,0,0,0,0,0,0,0,0,0,Simbad,295.18164,49.94578,11769890,13.8,7808.0,3.8925398046586355
1981,10153855,5078,4.41, 11.94, 0.01,19512, 1.241978, 0.675289,0,0,0,0,0,0,0,0,0,Simbad,296.34103,47.17086,10153855,14.229,19512.0,4.290301787305674
1982,6862721,5357,4.615,  9.25, 0.02,16044, 1.258671, 0.683721,0,0,0,0,0,0,0,0,0,Simbad,291.71146,42.3415,6862721,15.768,16044.0,4.205312653309609
1985,8142942,4814,4.24, 25.65, 0.49,10651, 1.155714, 0.605251,0,0,0,0,0,0,0,0,0,Simbad,280.92612,44.08793,8142942,13.708,10651.0,4.02739038468497
1988,9044228,4604,4.029, 35.20, 7.06, 3071, 0.664287, 0.404253,0,0,0,0,0,0,0,0,0,Simbad,298.3266,45.31551,9044228,14.145,3071.0,3.4872798164430687
1989,10779233,5564,4.276, 18.80, 0.06, 6145, 0.840539, 0.534511,0,0,0,0,0,0,0,0,0,Simbad,283.11377,48.13139,10779233,13.328,6145.0,3.788521887222473
1996,4736569,4619,4.511, 20.11, 0.05,34829, 1.566500, 0.690638,0,0,0,0,0,0,0,0,0,Simbad,288.66891,39.82401,4736569,15.629,34829.0,4.5419410053018625
1998,9834040,6001,4.639, 14.84, 0.12, 2531, 0.446616, 0.322290,0,0,0,0,0,0,0,0,0,Simbad,293.14447,46.66624,9834040,15.368,2531.0,3.4032921451582543
2000,8802693,5247,4.661, 21.17, 0.68, 6162, 0.795551, 0.532108,0,0,0,0,0,0,0,0,0,Simbad,284.18329,45.0741,8802693,15.593,6162.0,3.7897216939809217
2001,6061773,4948,4.188, 16.32, 0.04,26295, 1.455237, 0.696527,0,0,0,0,0,0,0,0,0,Simbad,297.02109,41.37717,6061773,13.115,26295.0,4.419873175149476
2002,10024701,5783,4.523, 10.10, 0.61, 4036, 0.670236, 0.435542,0,0,0,0,0,0,0,0,0,Simbad,296.75574,46.99829,10024701,13.286,4036.0,3.605951157564873
2005,6665512,4360,4.583, 15.94, 0.04, 7015, 1.112505, 0.624205,0,0,0,0,0,0,0,0,0,Simbad,281.89835,42.16579,6665512,14.832,7015.0,3.8460276753643785
2006,10525027,3805,4.805, 28.75, 0.08, 8899, 1.140609, 0.618597,1,0,0,0,0,0,0,0,0,Simbad,287.34674,47.77296,10525027,14.22,8899.0,3.949341206770497
2012,9839821,5615,4.887, 13.30, 0.01, 9929, 1.021557, 0.635364,0,0,0,0,0,0,0,0,0,Simbad,295.34271,46.60226,9839821,14.876,9929.0,3.996905510695666
2013,4056616,4115,4.65, 14.74, 0.02, 8019, 1.156290, 0.638507,0,0,0,0,0,0,0,0,0,Simbad,291.41864,39.12742,4056616,13.156,8019.0,3.9041202134761996
2017,8750043,5554,4.518, 11.87, 0.01,25509, 1.222488, 0.691062,0,0,0,0,0,0,0,0,0,Simbad,290.48676,44.93262,8750043,13.09,25509.0,4.406693433796212
2019,6226290,5545,4.626, 13.63, 0.02,11624, 1.239321, 0.674848,0,0,0,0,0,0,0,0,0,Simbad,297.45215,41.55813,6226290,15.624,11624.0,4.065355601289965
2021,6356207,4883,4.741, 19.07, 0.14,17894, 1.003484, 0.599491,0,0,0,0,0,0,0,0,0,Simbad,289.22021,41.70648,6356207,15.484,17894.0,4.252707433007282
2022,8564674,5696,4.817,  7.82, 0.00,19564, 1.472584, 0.746564,0,0,0,0,0,0,0,0,0,Simbad,293.67648,44.61558,8564674,14.746,19564.0,4.291457654149244
2023,8578780,5262,4.413, 22.26, 0.55, 5885, 0.615338, 0.421110,0,0,0,0,0,0,0,0,0,Simbad,297.95416,44.66748,8578780,15.15,5885.0,3.7697464671794534
2026,11923284,6176,4.304,  9.72, 0.12, 5157, 0.889135, 0.546234,0,0,0,0,0,0,0,0,0,Simbad,296.23001,50.27523,11923284,13.263,5157.0,3.712397131406715
2029,9489524,5072,4.71, 16.07, 0.02,20426, 1.359729, 0.686889,0,0,0,0,0,0,0,0,0,Simbad,299.89651,46.05197,9489524,12.957,20426.0,4.310183327571689
2031,5940165,4310,4.576, 15.89, 0.11, 8679, 1.283097, 0.715329,0,0,0,0,0,0,0,0,0,Simbad,283.89941,41.22161,5940165,14.796,8679.0,3.9384696883676455
2034,3657758,5443,4.547, 10.47, 0.05,24582, 1.363976, 0.727164,0,0,0,0,0,0,0,0,0,Simbad,294.51126,38.7905,3657758,15.54,24582.0,4.390617214336786
2035,9790806,5445,4.292,  7.06, 0.00,15686, 1.390834, 0.734904,0,0,0,0,0,0,0,0,0,Simbad,298.86658,46.50224,9790806,13.007,15686.0,4.195512210674072
2036,6382217,3908,4.734, 32.22, 0.06,14945, 1.289581, 0.620498,1,0,0,0,0,0,0,0,0,Simbad,296.85663,41.75818,6382217,15.773,14945.0,4.1744959193753
2038,8950568,5497,4.64, 23.50, 0.11, 6242, 0.653645, 0.429556,0,0,0,0,0,0,0,0,0,Simbad,290.97342,45.29032,8950568,14.779,6242.0,3.795323764329314
2039,8804845,5429,4.974, 17.29, 0.16,12483, 1.074399, 0.624937,0,0,0,0,0,0,0,0,0,Simbad,285.38742,45.04905,8804845,14.305,12483.0,4.09631897051261
2042,9111849,6349,3.842,  1.76, 0.00, 1067, 0.832196, 0.534447,0,0,0,0,0,0,0,0,0,Simbad,298.75018,45.4664,9111849,13.089,1067.0,3.0281644194244697
2044,9656252,5805,4.506, 17.58, 0.10, 4664, 0.756308, 0.484155,0,0,0,0,0,0,0,0,0,Simbad,294.64816,46.39236,9656252,15.818,4664.0,3.668758541750958
2045,6026438,4484,4.586, 28.38, 0.54, 6311, 1.158793, 0.595399,0,0,0,0,0,0,0,0,0,Simbad,285.75146,41.33564,6026438,15.549,6311.0,3.8000981801747757
2048,8956206,4997,4.753, 16.73, 0.13,23987, 1.265886, 0.685495,0,0,0,0,0,0,0,0,0,Simbad,293.05801,45.24882,8956206,15.801,23987.0,4.379975935132622
2052,3248501,6097,4.552,  4.16, 0.00,10813, 1.386065, 0.751555,0,0,0,0,0,0,0,0,0,Simbad,294.69772,38.36416,3248501,15.341,10813.0,4.033946202990361
2056,10134152,5806,4.723, 20.02, 0.14, 2299, 0.435915, 0.305316,0,0,0,0,0,0,0,0,0,Simbad,289.06433,47.11742,10134152,14.476,2299.0,3.361538971269279
2057,9573685,3865,4.751, 30.04, 0.17,13238, 1.216667, 0.618040,1,0,0,0,0,0,0,0,0,Simbad,284.47653,46.25258,9573685,15.026,13238.0,4.121822376752185
2058,10329835,3836,4.761, 22.29, 0.07, 3240, 0.651861, 0.393387,1,0,0,0,0,0,0,0,0,Simbad,287.50116,47.46927,10329835,15.313,3240.0,3.510545010206612
2059,12301181,4536,4.516, 41.45, 2.34, 1604, 0.480891, 0.273833,0,0,0,0,0,0,0,0,0,Simbad,287.59009,51.06057,12301181,12.906,1604.0,3.2052043639481447
2060,9279354,4625,4.515, 21.85, 0.11,16071, 1.113121, 0.643143,0,0,0,0,0,0,0,0,0,Simbad,291.22433,45.77809,9279354,15.229,16071.0,4.2060429010925215
2061,12061969,4921,4.643, 19.09, 0.03,25251, 1.540669, 0.687455,0,0,0,0,0,0,0,0,0,Simbad,291.65952,50.58388,12061969,15.753,25251.0,4.402278581895561
2075,10857519,6145,4.155,  8.53, 0.94,  947, 0.478906, 0.377308,0,0,0,0,0,0,0,0,0,Simbad,290.10196,48.25114,10857519,12.217,947.0,2.9763499790032735
2078,9351316,4193,4.594, 12.72, 0.01,17276, 1.353125, 0.727439,0,0,0,0,0,0,0,0,0,Simbad,295.25116,45.84297,9351316,15.561,17276.0,4.2374431953754605
2080,10864531,5652,4.555, 21.76, 0.27, 5923, 0.700339, 0.443381,0,0,0,0,0,0,0,0,0,Simbad,293.23022,48.28137,10864531,15.375,5923.0,3.7725417326409434
2084,3967326,5029,4.334,  9.59, 0.02,19701, 1.266556, 0.663369,0,0,0,0,0,0,0,0,0,Simbad,294.84003,39.08599,3967326,15.168,19701.0,4.294488271007257
2087,6922710,5912,4.282, 13.76, 0.06, 2109, 0.691892, 0.482128,0,0,0,0,0,0,0,0,0,Simbad,281.56146,42.4505,6922710,11.863,2109.0,3.3240765797394864
2090,11348997,3689,4.771, 36.47, 0.13,12857, 1.147555, 0.588628,1,0,0,0,0,0,0,0,0,Simbad,291.09274,49.19006,11348997,15.535,12857.0,4.109139643904016
2091,5705819,5075,4.618, 19.18, 1.05, 5335, 0.692152, 0.422864,0,0,0,0,0,0,0,0,0,Simbad,291.91287,40.95389,5705819,15.789,5335.0,3.727134423760489
2094,8505920,5213,4.299, 19.47, 0.13, 6260, 0.971736, 0.607823,0,0,0,0,0,0,0,0,0,Simbad,295.66287,44.52584,8505920,15.001,6260.0,3.7965743332104296
2095,7918992,5484,4.674, 14.75, 0.13, 3019, 0.644107, 0.413728,0,0,0,0,0,0,0,0,0,Simbad,299.78546,43.67075,7918992,14.691,3019.0,3.479863113023098
2101,9411412,4136,4.595, 14.32, 0.00, 7931, 1.097131, 0.606879,0,0,0,0,0,0,0,0,0,Simbad,294.70938,45.9695,9411412,15.068,7931.0,3.8993279498776543
2102,7008211,5100,4.496, 30.84, 1.06, 2970, 0.439665, 0.306244,0,0,0,0,0,0,0,0,0,Simbad,281.59415,42.59641,7008211,15.206,2970.0,3.4727564493172123
2106,12017109,5567,4.81, 20.67, 0.18, 6447, 0.968454, 0.554454,0,0,0,0,0,0,0,0,0,Simbad,293.90057,50.42705,12017109,15.158,6447.0,3.8093576702111056
2109,11499228,6060,4.47, 11.13, 0.09, 1685, 0.641067, 0.453823,0,0,0,0,0,0,0,0,0,Simbad,287.38208,49.45239,11499228,14.09,1685.0,3.2265999052073573
2110,11460462,6216,4.32,  4.26, 0.01,  394, 0.414820, 0.298661,0,0,0,0,0,0,0,0,0,Simbad,294.46854,49.33102,11460462,12.189,394.0,2.595496221825574
2111,8612275,5724,4.419, 10.19, 0.00,17412, 1.501598, 0.725113,0,0,0,0,0,0,0,0,0,Simbad,286.28473,44.78155,8612275,14.866,17412.0,4.240848658485361
2114,6921944,4061,4.426, 13.46, 0.05, 8300, 1.028911, 0.567261,0,0,0,0,0,0,0,0,0,Simbad,281.11176,42.45491,6921944,15.18,8300.0,3.9190780923760737
2115,9532052,5184,4.448, 10.57, 0.01,11361, 1.496710, 0.731421,0,0,0,0,0,0,0,0,0,Simbad,294.15332,46.16644,9532052,16.144,11361.0,4.055416559840489
2117,4140813,4298,4.722, 19.35, 0.07, 8407, 1.397539, 0.685008,0,0,0,0,0,0,0,0,0,Simbad,286.47934,39.26996,4140813,15.637,8407.0,3.924641047417163
2119,4055304,5022,4.503, 17.95, 0.02,25678, 1.232007, 0.668140,0,0,0,0,0,0,0,0,0,Simbad,291.04993,39.14167,4055304,14.098,25678.0,4.40956119452185
2120,4857213,4964,4.23, 19.94, 0.03, 7896, 0.946962, 0.580871,0,0,0,0,0,0,0,0,0,Simbad,297.07465,39.93385,4857213,13.714,7896.0,3.8974071396615804
2121,9415108,5356,4.734, 17.80, 0.11,10165, 0.948438, 0.605672,0,0,0,0,0,0,0,0,0,Simbad,296.04233,45.98514,9415108,14.979,10165.0,4.007107382974057
2124,11462341,4103,4.513, 15.82, 0.01, 4833, 1.113474, 0.623161,0,0,0,0,0,0,0,0,0,Simbad,295.28854,49.37979,11462341,14.275,4833.0,3.6842167951388807
2125,9405595,6000,4.524, 16.20, 0.05, 3075, 0.413424, 0.287338,0,0,0,0,0,0,0,0,0,Simbad,292.46429,45.96829,9405595,15.347,3075.0,3.4878451201114355
2130,2161536,3960,4.702, 27.04, 0.11, 9044, 1.046736, 0.603675,1,0,0,0,0,0,0,0,0,Simbad,291.7262,37.5289,2161536,15.661,9044.0,3.956360553673322
2146,6774537,4825,4.485, 29.38, 0.03, 6910, 0.899608, 0.519584,0,0,0,0,0,0,0,0,0,Simbad,290.91449,42.28658,6774537,15.333,6910.0,3.8394780473741985
2149,10617017,6089,4.195,  7.49, 0.21,  445, 0.339439, 0.250518,0,0,0,0,0,0,0,0,0,Simbad,297.78659,47.88612,10617017,12.071,445.0,2.6483600109809315
2150,3229150,5664,4.613, 18.01, 0.30, 4858, 0.620420, 0.449092,0,0,0,0,0,0,0,0,0,Simbad,289.84286,38.3096,3229150,15.253,4858.0,3.6864575104691117
2156,2556650,3694,4.797, 28.25, 0.04, 8590, 1.058731, 0.619939,1,0,0,0,0,0,0,0,0,Simbad,286.59427,37.89126,2556650,15.959,8590.0,3.9339931638312424
2166,4370527,5399,4.625, 19.82, 0.17, 8625, 0.850583, 0.553072,0,0,0,0,0,0,0,0,0,Simbad,293.06335,39.40345,4370527,15.722,8625.0,3.935759103745312
2169,9006186,5299,4.383, 27.58, 0.17, 6963, 0.774435, 0.460972,0,0,0,0,0,0,0,0,0,Simbad,285.20749,45.38435,9006186,12.404,6963.0,3.84279639517558
2171,11410904,5708,4.788, 11.24, 0.00,22283, 1.391957, 0.705903,0,0,0,0,0,0,0,0,0,Simbad,295.65149,49.26129,11410904,14.972,22283.0,4.347973660278038
2172,4173026,5516,4.43, 11.51, 0.11,20833, 1.034156, 0.611931,0,0,0,0,0,0,0,0,0,Simbad,295.164,39.20141,4173026,15.104,20833.0,4.318751813857112
2173,11774991,4666,4.49, 16.51, 0.76,11235, 1.407926, 0.705497,0,0,0,0,0,0,0,0,0,Simbad,297.29242,49.98163,11774991,12.879,11235.0,4.050573076755148
2174,8261920,4221,4.558, 11.69, 0.03, 9852, 1.232648, 0.656702,0,0,0,0,0,0,0,0,0,Simbad,300.24222,44.1414,8261920,15.673,9852.0,3.993524403167066
2177,10965588,5175,4.816, 24.71, 0.15, 6062, 0.716674, 0.485414,0,0,0,0,0,0,0,0,0,Simbad,286.36746,48.42393,10965588,15.481,6062.0,3.7826159320316033
2179,10670119,3583,4.849, 19.43, 0.09,11101, 1.215314, 0.667378,1,0,0,0,0,0,0,0,0,Simbad,293.67422,47.90846,10670119,15.673,11101.0,4.045362102653348
2180,7286911,5440,4.588, 27.93, 0.95, 2631, 0.617556, 0.381717,0,0,0,0,0,0,0,0,0,Simbad,293.32242,42.86747,7286911,14.816,2631.0,3.420120848085703
2181,8591173,4943,4.198, 11.28, 0.00,18115, 1.356838, 0.723990,0,0,0,0,0,0,0,0,0,Simbad,301.34286,44.67221,8591173,14.414,18115.0,4.258038338370556
2189,5730445,4825,4.317, 38.53, 7.68, 4566, 0.434357, 0.253107,0,0,0,0,0,0,0,0,0,Simbad,298.07474,40.94899,5730445,15.253,4566.0,3.6595359071542166
2191,5601258,3725,4.799, 17.77, 0.04,11912, 1.414545, 0.736129,1,0,0,0,0,0,0,0,0,Simbad,285.08655,40.899,5601258,14.911,11912.0,4.07598468474412
2193,8282651,4322,4.578, 30.78, 1.12, 3554, 0.499032, 0.330116,0,0,0,0,0,0,0,0,0,Simbad,284.10779,44.24581,8282651,15.658,3554.0,3.550717423469283
2199,11705004,5184,4.632, 19.70, 0.05,17447, 1.345229, 0.653354,0,0,0,0,0,0,0,0,0,Simbad,287.53503,49.80166,11705004,15.901,17447.0,4.241720761068594
2200,10909127,5534,4.436, 24.92, 0.44, 3349, 0.444838, 0.309624,0,0,0,0,0,0,0,0,0,Simbad,285.89923,48.3073,10909127,15.353,3349.0,3.524915147539867
2202,4144576,5123,4.663, 26.76, 0.03,15002, 1.308164, 0.614163,0,0,0,0,0,0,0,0,0,Simbad,287.94562,39.23057,4144576,14.113,15002.0,4.176149161126549
2210,4142847,4762,4.589, 23.52, 0.04,10771, 1.053605, 0.610386,0,0,0,0,0,0,0,0,0,Simbad,287.30283,39.28969,4142847,15.195,10771.0,4.032256025890453
2214,10328458,4658,4.646, 34.35, 1.52, 3710, 0.359049, 0.266408,0,0,0,0,0,0,0,0,0,Simbad,286.71661,47.42563,10328458,15.848,3710.0,3.569373909615046
2217,9580992,5164,4.66, 29.85, 0.40, 7310, 0.647885, 0.401521,0,0,0,0,0,0,0,0,0,Simbad,288.64252,46.21566,9580992,15.191,7310.0,3.8639173769578603
2219,5357545,4853,4.634, 43.21, 7.72, 2961, 0.546365, 0.286470,0,0,0,0,0,0,0,0,0,Simbad,290.26535,40.54865,5357545,14.099,2961.0,3.471438407389299
2223,9278725,4851,4.528, 16.81, 0.07,15268, 1.132270, 0.649921,0,0,0,0,0,0,0,0,0,Simbad,290.95355,45.71953,9278725,15.277,15268.0,4.183782151277061
2225,11569782,4655,4.13, 15.83, 0.02, 7031, 1.007045, 0.565916,0,0,0,0,0,0,0,0,0,Simbad,296.72449,49.53271,11569782,14.435,7031.0,3.847017097935354
2229,4473226,5571,4.46, 15.39, 0.08,13366, 1.228009, 0.654926,0,0,0,0,0,0,0,0,0,Simbad,293.98358,39.57288,4473226,15.707,13366.0,4.126001456787675
2238,8229458,3887,4.729, 14.97, 0.03,11319, 1.460978, 0.738691,1,0,0,0,0,0,0,0,0,Simbad,290.43402,44.10765,8229458,14.634,11319.0,4.053808059920658
2241,5125347,5926,4.483, 11.13, 1.36, 2743, 0.407830, 0.294270,0,0,0,0,0,0,0,0,0,Simbad,298.08453,40.28325,5125347,15.302,2743.0,3.4382258076045296
2242,9336200,5383,4.795, 16.01, 0.10,26648, 1.476578, 0.689967,0,0,0,0,0,0,0,0,0,Simbad,289.14722,45.86618,9336200,15.758,26648.0,4.42566461968312
2248,11030475,5128,4.608, 14.77, 0.01,20478, 1.446282, 0.695111,0,0,0,0,0,0,0,0,0,Simbad,292.23993,48.51157,11030475,15.498,20478.0,4.311287538662283
2250,5942808,4749,4.489, 24.12, 0.24,17034, 0.903338, 0.583472,0,0,0,0,0,0,0,0,0,Simbad,285.21667,41.28243,5942808,15.622,17034.0,4.231316642909501
2256,9112931,4226,4.461, 38.92, 0.81, 3846, 0.369145, 0.251334,0,0,0,0,0,0,0,0,0,Simbad,299.07709,45.44064,9112931,15.813,3846.0,3.585009279902461
2259,8126558,5331,4.403, 23.18, 0.35, 5504, 0.643029, 0.458125,0,0,0,0,0,0,0,0,0,Simbad,300.1705,43.98497,8126558,15.364,5504.0,3.740678425227455
2261,3734418,5052,4.509, 11.35, 0.00,14526, 1.472220, 0.733199,0,0,0,0,0,0,0,0,0,Simbad,287.52963,38.89451,3734418,14.11,14526.0,4.162146039825377
2264,12256520,5408,4.374, 31.09, 1.80, 1796, 0.677891, 0.391034,0,0,0,0,0,0,0,0,0,Simbad,290.34851,50.90285,12256520,14.477,1796.0,3.2543063323312857
2266,10489345,4778,4.491, 28.05, 0.17, 9675, 0.987116, 0.554603,0,0,0,0,0,0,0,0,0,Simbad,298.30273,47.69403,10489345,15.942,9675.0,3.985650973690949
2273,9717943,5934,4.314, 12.55, 0.24,  981, 0.332888, 0.252248,0,0,0,0,0,0,0,0,0,Simbad,294.91156,46.49146,9717943,12.716,981.0,2.9916690073799486
2274,7960980,5065,4.661, 31.03, 8.23, 6630, 0.411570, 0.295409,0,0,0,0,0,0,0,0,0,Simbad,292.16858,43.77967,7960980,15.909,6630.0,3.821513528404773
2283,10206675,4226,4.597, 44.22, 1.33, 5498, 0.482278, 0.269431,0,0,0,0,0,0,0,0,0,Simbad,291.37744,47.21257,10206675,15.245,5498.0,3.7402047355074495
2290,12121570,4969,4.893, 36.98, 4.78, 2087, 0.443794, 0.258803,0,0,0,0,0,0,0,0,0,Simbad,296.85101,50.69893,12121570,14.447,2087.0,3.3195224490654542
2293,8321314,5328,4.375, 25.86, 2.96, 3174, 0.351547, 0.260615,0,0,0,0,0,0,0,0,0,Simbad,298.45013,44.28401,8321314,14.837,3174.0,3.5016069224188295
2298,9334893,4649,4.549, 18.40, 0.11, 8913, 1.392430, 0.689682,0,0,0,0,0,0,0,0,0,Simbad,288.45605,45.80212,9334893,13.831,8913.0,3.9500239065233265
2299,9963265,5830,4.735, 17.04, 0.10, 3731, 0.692774, 0.460339,0,0,0,0,0,0,0,0,0,Simbad,296.56006,46.85748,9963265,15.315,3731.0,3.571825249040829
2305,10874215,5591,4.804, 23.86, 3.26, 4287, 0.371078, 0.269358,0,0,0,0,0,0,0,0,0,Simbad,296.71274,48.27231,10874215,15.728,4287.0,3.6321534835106326
2306,6666233,3881,4.738, 24.87, 0.33, 9063, 0.838910, 0.521863,1,0,0,0,0,0,0,0,0,Simbad,282.28439,42.15419,6666233,14.78,9063.0,3.957271979992943
2307,7661065,5315,4.563, 19.64, 0.02,11283, 1.015057, 0.600950,0,0,0,0,0,0,0,0,0,Simbad,282.14923,43.37859,7661065,14.854,11283.0,4.0524245881420615
2311,4247991,5338,4.902, 12.73, 0.07,12415, 1.327262, 0.708335,0,0,0,0,0,0,0,0,0,Simbad,287.24118,39.33276,4247991,12.57,12415.0,4.093946723890583
2314,3219995,5893,4.509, 12.66, 0.06, 5383, 0.850300, 0.559570,0,0,0,0,0,0,0,0,0,Simbad,286.892,38.31855,3219995,14.562,5383.0,3.731024379815688
2318,11495458,4558,4.525, 15.56, 0.01, 7070, 0.974702, 0.546949,0,0,0,0,0,0,0,0,0,Simbad,284.99963,49.47998,11495458,14.471,7070.0,3.8494194137968996
2325,7120108,4869,4.346, 29.94, 0.24, 5926, 0.711392, 0.455655,0,0,0,0,0,0,0,0,0,Simbad,292.51398,42.65176,7120108,14.413,5926.0,3.772761647144032
2329,11192235,3815,4.756, 34.61, 0.48, 7344, 0.878172, 0.513157,1,0,0,0,0,0,0,0,0,Simbad,292.76993,48.89962,11192235,15.655,7344.0,3.865932668193186
2339,7033233,4606,4.383, 18.19, 0.01,24533, 1.445974, 0.693358,0,0,0,0,0,0,0,0,0,Simbad,291.66928,42.59071,7033233,15.13,24533.0,4.389750658837507
2346,8561231,5500,4.874, 20.51, 2.99, 4431, 0.604475, 0.440185,0,0,0,0,0,0,0,0,0,Simbad,292.29062,44.65325,8561231,15.658,4431.0,3.646501750031612
2350,6200235,5180,4.374, 10.92, 0.01,16717, 1.288928, 0.699592,0,0,0,0,0,0,0,0,0,Simbad,290.27969,41.51505,6200235,15.143,16717.0,4.223158342460344
2354,7215678,5818,4.522, 13.84, 0.24, 2748, 0.840235, 0.554481,0,0,0,0,0,0,0,0,0,Simbad,296.06625,42.76822,7215678,14.519,2748.0,3.4390167283875126
2355,11670125,4691,4.493, 18.50, 0.00,22060, 1.400065, 0.688024,0,0,0,0,0,0,0,0,0,Simbad,295.93842,49.79114,11670125,15.975,22060.0,4.343605508104172
2356,11461844,5820,4.577, 17.11, 0.63, 1392, 0.422565, 0.330133,0,0,0,0,0,0,0,0,0,Simbad,295.06424,49.35899,11461844,14.5,1392.0,3.1436392352745433
2358,5716932,6188,4.513,  5.88, 0.09,  811, 0.595724, 0.427587,0,0,0,0,0,0,0,0,0,Simbad,295.1391,40.97906,5716932,13.524,811.0,2.909020854211156
2361,11566256,5803,4.799, 20.07, 0.90, 4267, 0.476954, 0.328609,0,0,0,0,0,0,0,0,0,Simbad,295.30255,49.58912,11566256,15.049,4267.0,3.630122642859312
2377,5906426,5054,4.514, 23.78, 0.12, 5775, 1.014099, 0.577980,0,0,0,0,0,0,0,0,0,Simbad,299.29227,41.15308,5906426,14.782,5775.0,3.761551988564182
2378,10813132,5430,4.426, 23.74, 0.71, 4787, 0.748173, 0.473318,0,0,0,0,0,0,0,0,0,Simbad,297.46362,48.18141,10813132,14.431,4787.0,3.6800634274819486
2386,4172013,5597,4.935,  8.01, 0.11, 3276, 0.624698, 0.381687,0,0,0,0,0,0,0,0,0,Simbad,294.94009,39.23257,4172013,14.94,3276.0,3.5153438930883807
2390,10289119,5775,4.288, 29.36, 0.85,  803, 0.759673, 0.413923,0,0,0,0,0,0,0,0,0,Simbad,297.21579,47.37852,10289119,12.249,803.0,2.904715545278681
2392,7382313,5524,4.419, 15.39, 0.04, 9031, 0.985402, 0.617011,0,0,0,0,0,0,0,0,0,Simbad,297.07037,42.97774,7382313,14.985,9031.0,3.9557358422776656
2396,12115188,5331,4.463, 29.41, 0.37, 5118, 0.616521, 0.379705,0,0,0,0,0,0,0,0,0,Simbad,293.97278,50.64514,12115188,14.672,5118.0,3.7091002815511667
2397,9269042,5053,4.599, 23.47, 0.41, 5691, 0.965486, 0.572748,0,0,0,0,0,0,0,0,0,Simbad,285.82233,45.71189,9269042,15.563,5691.0,3.755188585608325
2400,7984574,5628,4.673, 18.45, 0.20, 3960, 0.372288, 0.269397,0,0,0,0,0,0,0,0,0,Simbad,299.06168,43.72033,7984574,15.664,3960.0,3.597695185925512
2401,10336951,4422,4.657, 26.58, 0.13, 5668, 1.068402, 0.591923,0,0,0,0,0,0,0,0,0,Simbad,290.83627,47.44494,10336951,14.847,5668.0,3.753429841575423
2402,8481129,4708,4.557, 45.32, 7.36, 4368, 0.495447, 0.252289,0,0,0,0,0,0,0,0,0,Simbad,285.29575,44.55275,8481129,14.61,4368.0,3.640282629696681
2403,2142522,6046,4.408, 10.35, 0.13, 1153, 0.338446, 0.266553,0,0,0,0,0,0,0,0,0,Simbad,286.62576,37.5373,2142522,12.867,1153.0,3.061829307294699
2413,3234598,4534,4.531, 29.79, 0.34, 3270, 0.476917, 0.313848,0,0,0,0,0,0,0,0,0,Simbad,291.34259,38.36313,3234598,15.07,3270.0,3.514547752660286
2417,9654468,4300,4.553, 21.25, 0.35,20552, 1.117697, 0.652890,0,1,0,0,0,0,0,0,0,Simbad,294.00543,46.31069,9654468,16.22,20552.0,4.31285409125829
2418,10027247,3726,4.836, 17.65, 0.00, 6610, 1.334043, 0.725314,1,0,0,0,0,0,0,0,0,Simbad,297.48669,46.99671,10027247,15.474,6610.0,3.82020145948564
2432,7047363,5228,4.748, 27.35, 0.17, 9304, 0.957875, 0.525183,0,0,0,0,0,0,0,0,0,Simbad,295.62469,42.5459,7047363,15.956,9304.0,3.968669701720392
2444,3354846,5319,4.563, 19.22, 0.01,19341, 1.272563, 0.646160,0,0,0,0,0,0,0,0,0,Simbad,294.57623,38.45697,3354846,15.714,19341.0,4.286478924930768
2448,5857540,4862,4.389, 29.25, 1.67, 4699, 0.596325, 0.426966,0,0,0,0,0,0,0,0,0,Simbad,284.6062,41.19638,5857540,15.462,4699.0,3.672005445022952
2453,8631751,3605,4.815, 62.50, 0.80, 6866, 0.813514, 0.398541,1,0,0,0,0,0,0,0,0,Simbad,294.46848,44.75396,8631751,15.63,6866.0,3.8367037990897312
2458,7604328,5247,4.383, 25.68, 0.58, 5773, 0.855733, 0.507058,0,0,0,0,0,0,0,0,0,Simbad,290.74432,43.26078,7604328,15.404,5773.0,3.761401557498631
2466,8544992,4359,4.608, 32.43, 0.84, 2151, 0.469568, 0.317518,0,0,0,0,0,0,0,0,0,Simbad,284.82803,44.60873,8544992,14.993,2151.0,3.3326404103874627
2469,6149910,4727,4.418, 36.61, 0.83, 4068, 0.527110, 0.324358,0,0,0,0,0,0,0,0,0,Simbad,298.59482,41.43594,6149910,15.048,4068.0,3.6093809442507068
2473,8753896,5174,4.565, 27.56, 0.22, 5959, 0.811996, 0.481278,0,0,0,0,0,0,0,0,0,Simbad,291.95999,44.90002,8753896,15.77,5959.0,3.775173385424787
2474,8240617,5284,4.597, 25.53, 0.31, 2045, 0.633630, 0.430729,0,0,0,0,0,0,0,0,0,Simbad,294.39749,44.1242,8240617,14.182,2045.0,3.3106933123433606
2480,8189801,3986,4.711, 32.15, 0.07, 9102, 0.988232, 0.551331,1,0,0,0,0,0,0,0,0,Simbad,298.92639,44.00219,8189801,15.745,9102.0,3.9591368311703743
2482,11403389,5550,4.655, 25.27, 0.89, 4773, 0.673187, 0.415174,0,0,0,0,0,0,0,0,0,Simbad,292.11517,49.25643,11403389,14.976,4773.0,3.678791434366244
2485,11125613,4966,4.575, 23.25, 0.06, 7199, 0.982227, 0.587362,0,0,0,0,0,0,0,0,0,Simbad,285.17334,48.77004,11125613,15.311,7199.0,3.8572721735640414
2490,3122913,4794,4.874, 22.91, 0.09,14746, 1.006610, 0.609850,0,0,0,0,0,0,0,0,0,Simbad,292.90161,38.29708,3122913,15.701,14746.0,4.168674229567079
2493,10028535,4994,4.696, 23.28, 0.04,21953, 1.265073, 0.628900,0,0,0,0,0,0,0,0,0,Simbad,297.84149,46.96768,10028535,15.304,21953.0,4.341493877399029
2497,11179076,4964,4.57, 34.04, 1.69, 4853, 0.558961, 0.343965,0,0,0,0,0,0,0,0,0,Simbad,285.23245,48.80672,11179076,15.605,4853.0,3.6860102913152857
2504,8110767,5470,4.586, 19.81, 0.28,11501, 1.255800, 0.634364,0,0,0,0,0,0,0,0,0,Simbad,296.18829,43.93685,8110767,15.93,11501.0,4.060735603449318
2507,8379705,5881,4.603, 10.79, 0.32, 3176, 0.420494, 0.291369,0,0,0,0,0,0,0,0,0,Simbad,296.60141,44.32526,8379705,15.859,3176.0,3.5018804937550585
2512,9574158,5421,4.617, 26.59, 0.10, 3900, 0.675808, 0.420615,0,0,0,0,0,0,0,0,0,Simbad,284.71988,46.25079,9574158,15.523,3900.0,3.591064607026499
2517,8947520,5612,4.443, 20.14, 0.61, 5240, 0.705368, 0.466645,0,0,0,0,0,0,0,0,0,Simbad,289.88437,45.2115,8947520,14.511,5240.0,3.7193312869837265
2519,4047631,4265,4.748, 26.91, 0.28, 6532, 1.088184, 0.598243,0,0,0,0,0,0,0,0,0,Simbad,288.9039,39.15421,4047631,14.452,6532.0,3.8150461760646306
2520,10059645,4594,4.532, 29.78, 0.20, 3709, 0.435596, 0.284361,0,0,0,0,0,0,0,0,0,Simbad,284.58578,47.07953,10059645,15.602,3709.0,3.5692568333286103
2522,9177629,4777,4.145, 37.90, 0.83, 4164, 0.630975, 0.361168,0,0,0,0,0,0,0,0,0,Simbad,299.38159,45.59224,9177629,13.713,4164.0,3.6195107208384987
2525,5942949,4646,4.529, 23.70, 0.08, 8584, 0.933123, 0.591834,0,0,0,0,0,0,0,0,0,Simbad,285.29193,41.25569,5942949,15.699,8584.0,3.933689708957895
2529,8463346,4262,4.723, 16.00, 0.04, 9378, 1.037988, 0.585160,0,0,0,0,0,0,0,0,0,Simbad,301.72076,44.41206,8463346,15.856,9378.0,3.9721102284028307
2531,4172746,4646,4.587, 39.53, 1.26, 6136, 0.681382, 0.379830,0,0,0,0,0,0,0,0,0,Simbad,295.10391,39.26875,4172746,15.44,6136.0,3.7878853509409245
2532,5174858,5058,4.59, 27.66, 0.21, 9742, 0.850721, 0.501659,0,0,0,0,0,0,0,0,0,Simbad,288.02969,40.34415,5174858,15.43,9742.0,3.988648125235751
2535,9635606,4758,4.218, 11.13, 0.03, 5726, 1.189027, 0.629059,0,0,0,0,0,0,0,0,0,Simbad,284.74792,46.37362,9635606,14.985,5726.0,3.75785134368558
2543,12469800,4870,4.579, 23.54, 0.09, 8480, 0.845005, 0.546446,0,0,0,0,0,0,0,0,0,Simbad,295.90921,51.34794,12469800,15.351,8480.0,3.9283958522567137
2544,8676148,5559,4.563, 17.38, 0.04,10541, 0.991915, 0.590493,0,0,0,0,0,0,0,0,0,Simbad,285.80322,44.87343,8676148,15.826,10541.0,4.022881813332031
2545,9696358,6011,4.286, 17.12, 0.47,  458, 0.387840, 0.259105,0,0,0,0,0,0,0,0,0,Simbad,284.59372,46.44978,9696358,11.752,458.0,2.660865478003869
2553,9832208,4962,5.066, 31.22, 0.31, 5569, 0.691075, 0.425512,0,0,0,0,0,0,0,0,0,Simbad,292.30743,46.62664,9832208,15.639,5569.0,3.745777217889759
2554,10471621,4337,4.681, 31.18, 1.49, 4156, 0.638573, 0.446421,0,0,0,0,0,0,0,0,0,Simbad,292.37979,47.64461,10471621,15.439,4156.0,3.6186755388851397
2555,5350244,6233,4.369,  8.80, 0.11, 1021, 0.333725, 0.270145,0,0,0,0,0,0,0,0,0,Simbad,287.85699,40.54718,5350244,12.885,1021.0,3.0090257420869104
2571,6867588,5044,4.636, 33.67, 0.87, 1757, 0.581280, 0.349332,0,0,0,0,0,0,0,0,0,Simbad,293.13705,42.35048,6867588,14.434,1757.0,3.244771761495295
2573,8256453,5102,4.522,  2.69, 0.02, 3974, 0.672425, 0.373356,0,0,0,0,0,0,0,0,0,Simbad,298.77756,44.11994,8256453,15.894,3974.0,3.5992278627737964
2578,6922203,5705,4.387, 20.72, 0.09, 6042, 1.005852, 0.554229,0,0,0,0,0,0,0,0,0,Simbad,281.26013,42.40329,6922203,14.847,6042.0,3.7811807209372614
2580,11037511,5401,4.67, 24.28, 1.30, 4259, 0.537770, 0.388769,0,0,0,0,0,0,0,0,0,Simbad,295.35446,48.5154,11037511,15.79,4259.0,3.629307640073749
2581,11818872,5415,4.629, 29.95, 1.00, 2600, 0.782915, 0.442236,0,0,0,0,0,0,0,0,0,Simbad,294.35092,50.08109,11818872,13.463,2600.0,3.4149733479708178
2588,12156347,4101,4.526, 29.26, 0.05,23174, 1.290509, 0.628449,0,0,0,0,0,0,0,0,0,Simbad,289.74277,50.78704,12156347,15.484,23174.0,4.365001002628743
2590,12016267,6186,4.073, 10.84, 0.09,  409, 0.606994, 0.411176,0,0,0,0,0,0,0,0,0,Simbad,293.50702,50.45012,12016267,11.638,409.0,2.611723308007342
2593,8212002,5962,4.402,  8.62, 0.18,  540, 0.399418, 0.276130,0,1,0,0,0,0,0,0,0,Simbad,281.83533,44.15592,8212002,11.714,540.0,2.7323937598229686
2607,5095635,5681,4.786, 15.95, 0.23, 5048, 0.620958, 0.439474,0,0,0,0,0,0,0,0,0,Simbad,290.68469,40.25545,5095635,14.482,5048.0,3.703119346236078
2608,6269070,6030,4.376, 20.18, 0.22, 1320, 0.454413, 0.272432,0,1,0,0,0,0,0,0,0,Simbad,285.7135,41.60588,6269070,13.321,1320.0,3.12057393120585
2613,9712350,5205,4.701, 19.39, 0.35,12806, 1.109372, 0.626826,0,0,0,0,0,0,0,0,0,Simbad,292.70343,46.41587,9712350,15.96,12806.0,4.107413497488149
2625,9153570,5376,4.778, 16.51, 0.06,20099, 1.384648, 0.677981,0,0,0,0,0,0,0,0,0,Simbad,291.39786,45.58856,9153570,15.89,20099.0,4.3031744501923495
2626,11768142,3508,4.883, 33.53, 0.55, 3770, 0.451696, 0.299519,1,0,0,0,0,0,0,0,0,Simbad,294.36609,49.91506,11768142,15.931,3770.0,3.576341350205793
2632,11337566,6206,4.184, 10.98, 0.21,  371, 0.554773, 0.378670,0,0,0,0,0,0,0,0,0,Simbad,284.42273,49.10622,11337566,11.392,371.0,2.569373909615046
2636,6198182,5900,4.425, 16.09, 0.34, 2236, 0.519069, 0.375305,0,1,0,0,0,0,0,0,0,Simbad,289.68671,41.58893,6198182,12.32,2236.0,3.3494717992143856
2650,8890150,3735,4.862, 19.94, 0.04, 8444, 1.064380, 0.605729,1,0,0,0,0,0,0,0,0,Simbad,293.51108,45.13659,8890150,15.987,8444.0,3.926548224635619
2652,4346178,5326,4.386, 33.06, 0.05,34182, 1.297948, 0.598535,0,0,0,0,0,0,0,0,0,Simbad,285.27643,39.44691,4346178,15.022,34182.0,4.533797469840324
2672,11253827,5384,4.323, 13.23, 0.03,20683, 1.335986, 0.700692,0,0,0,0,0,0,0,0,0,Simbad,296.13281,48.9774,11253827,11.921,20683.0,4.315613531953418
2675,5794570,5479,4.918,  6.01, 0.00,21169, 1.488874, 0.774719,0,0,0,0,0,0,0,0,0,Simbad,292.97125,41.03577,5794570,12.43,21169.0,4.325700342915986
2678,6779260,5162,4.11,  6.18, 0.00,23046, 1.458937, 0.740560,0,0,0,0,0,0,0,0,0,Simbad,292.38855,42.23326,6779260,11.799,23046.0,4.36259555754882
2679,6716021,6195,4.398,  2.18, 0.00, 9405, 1.350933, 0.724846,0,0,0,0,0,0,0,0,0,Simbad,297.84125,42.11825,6716021,13.455,9405.0,3.9733587998863977
2680,8326342,5273,4.736,  4.90, 0.00,38783, 1.510918, 0.764085,0,0,0,0,0,0,0,0,0,Simbad,299.7915,44.28123,8326342,14.599,38783.0,4.588641400231421
2686,7826659,4665,4.102, 22.15, 0.08, 3589, 0.889412, 0.547733,0,0,0,0,0,0,0,0,0,Simbad,293.29837,43.55587,7826659,13.855,3589.0,3.5549734583332397
2687,7202957,5618,3.914, 14.38, 0.04, 6105, 0.789091, 0.519886,0,0,0,0,0,0,0,0,0,Simbad,292.61511,42.76425,7202957,10.158,6105.0,3.7856856682809013
2690,5369827,5367,4.327, 12.28, 0.01,27916, 1.363780, 0.712429,0,0,0,0,0,0,0,0,0,Simbad,293.93347,40.59074,5369827,13.461,27916.0,4.445853189653875
2691,4552729,4620,4.39, 22.30, 0.02,18933, 1.114055, 0.638010,0,0,0,0,0,0,0,0,0,Simbad,289.10992,39.68539,4552729,14.981,18933.0,4.277219434894438
2693,5185897,4346,4.811, 30.23, 0.28, 7789, 0.978794, 0.548329,0,0,0,0,0,0,0,0,0,Simbad,291.46866,40.34385,5185897,13.256,7789.0,3.89148170383952
2694,9475552,4659,4.305, 37.78, 5.20, 6718, 0.524275, 0.317008,0,0,0,0,0,0,0,0,0,Simbad,295.82144,46.05303,9475552,14.975,6718.0,3.8272399995056454
2699,6690836,5048,4.638, 21.39, 0.19,13104, 0.994828, 0.603980,0,0,0,0,0,0,0,0,0,Simbad,291.61188,42.11597,6690836,15.23,13104.0,4.117403884416343
2700,8639908,4243,4.72, 10.99, 0.00,16904, 1.073341, 0.578020,0,0,0,0,0,0,0,0,0,Simbad,297.00354,44.77509,8639908,15.381,16904.0,4.227989484044257
2703,5871985,4308,4.538, 27.15, 0.08, 7944, 0.861410, 0.555941,0,0,0,0,0,0,0,0,0,Simbad,290.37631,41.15074,5871985,15.165,7944.0,3.900039235487325
2706,9697131,6214,4.152,  6.24, 0.07, 2028, 0.574779, 0.424671,0,0,0,0,0,0,0,0,0,Simbad,285.07767,46.4196,9697131,10.268,2028.0,3.3070679506612985
2708,5175986,4638,4.626, 10.56, 0.00,13906, 1.292324, 0.671777,0,0,0,0,0,0,0,0,0,Simbad,288.43359,40.38088,5175986,15.898,13906.0,4.143202225049597
2711,5272233,5839,4.355, 13.13, 0.51, 4635, 0.858095, 0.566033,0,0,0,0,0,0,0,0,0,Simbad,290.94449,40.48004,5272233,13.642,4635.0,3.666049738480516
2719,5184911,4639,4.378, 12.63, 0.01,16556, 1.482858, 0.740065,0,0,0,0,0,0,0,0,0,Simbad,291.18497,40.31121,5184911,15.141,16556.0,4.218955417728722
2722,7673192,6301,4.332,  9.01, 0.21, 1208, 0.444167, 0.320781,0,0,0,0,0,0,0,0,0,Simbad,288.37024,43.35461,7673192,13.268,1208.0,3.082066934285113
2733,5953297,4692,4.112, 12.38, 0.02, 7442, 1.061636, 0.574767,0,0,0,0,0,0,0,0,0,Simbad,289.55301,41.29785,5953297,14.009,7442.0,3.871689665685515
2734,7659389,5029,4.506, 10.76, 0.00,18355, 1.327994, 0.707449,0,0,0,0,0,0,0,0,0,Simbad,281.04916,43.3226,7659389,15.768,18355.0,4.263754388840006
2735,9472074,4992,4.744, 28.38, 0.07, 7883, 0.829913, 0.495371,0,0,0,0,0,0,0,0,0,Simbad,294.59656,46.0483,9472074,15.6,7883.0,3.896691526562884
2736,10842192,4337,4.61, 23.91, 0.07,20425, 1.092026, 0.621091,0,0,0,0,0,0,0,0,0,Simbad,281.64774,48.27105,10842192,15.911,20425.0,4.310162065204453
2742,5980208,4110,4.546, 15.69, 0.06, 6595, 1.058428, 0.594706,0,0,0,0,0,0,0,0,0,Simbad,297.07379,41.22448,5980208,15.031,6595.0,3.819214799882384
2743,8095441,5405,4.564, 23.95, 0.36, 2210, 0.399843, 0.297669,0,0,0,0,0,0,0,0,0,Simbad,291.02859,43.91367,8095441,13.756,2210.0,3.3443922736851106
2747,6586746,4855,4.511, 23.43, 0.02,13514, 1.232011, 0.631490,0,0,0,0,0,0,0,0,0,Simbad,284.83841,42.07043,6586746,15.329,13514.0,4.130783914588957
2751,9881077,4406,4.605, 22.35, 0.02,15223, 1.123652, 0.637933,0,0,0,0,0,0,0,0,0,Simbad,287.00909,46.7961,9881077,15.858,15223.0,4.1825002473792
2754,10905911,5516,4.475, 22.58, 0.62,  606, 0.450953, 0.344993,0,1,0,0,0,0,0,0,0,Simbad,283.74582,48.37343,10905911,12.299,606.0,2.782472624166286
2757,6432345,5542,4.418, 23.52, 0.10, 4061, 0.624235, 0.410089,0,0,0,0,0,0,0,0,0,Simbad,288.15671,41.87797,6432345,14.607,4061.0,3.608632989490037
2760,7877978,4358,4.637, 40.35, 4.99, 3493, 0.421337, 0.263793,0,0,0,0,0,0,0,0,0,Simbad,286.3718,43.69192,7877978,14.889,3493.0,3.5431985856376467
2764,10073672,3937,4.731, 27.65, 0.03,11639, 0.974809, 0.586163,1,0,0,0,0,0,0,0,0,Simbad,291.23148,47.03393,10073672,15.794,11639.0,4.065915668188592
2768,9008737,5406,4.717, 22.93, 0.99, 6656, 0.918205, 0.538075,0,0,0,0,0,0,0,0,0,Simbad,286.39862,45.34353,9008737,15.228,6656.0,3.8232133132826673
2778,7769819,5214,4.447, 25.39, 3.31, 7451, 0.599559, 0.431755,0,0,0,0,0,0,0,0,0,Simbad,297.02008,43.43255,7769819,15.392,7451.0,3.8722145633975855
2793,9823519,3700,4.812, 19.30, 0.18,14926, 1.397621, 0.726284,1,0,0,0,0,0,0,0,0,Simbad,288.25058,46.67961,9823519,16.283,14926.0,4.173943437284376
2803,9898447,5421,4.591, 16.84, 0.15, 1114, 0.577389, 0.375097,0,0,0,0,0,0,0,0,0,Simbad,294.86688,46.79056,9898447,12.258,1114.0,3.04688519083771
2806,7047824,4672,4.36, 21.71, 0.06,20119, 1.387646, 0.666130,0,0,0,0,0,0,0,0,0,Simbad,295.73535,42.57625,7047824,15.514,20119.0,4.303606390634642
2816,11283615,5293,4.786, 20.05, 0.27,10049, 1.047760, 0.604113,0,0,0,0,0,0,0,0,0,Simbad,283.74142,49.06798,11283615,15.471,10049.0,4.002122846225162
2821,4249611,5426,4.467, 31.12, 1.10,13057, 0.558140, 0.330886,0,0,0,0,0,0,0,0,0,Simbad,287.84833,39.35843,4249611,15.302,13057.0,4.115843404112816
2827,7428736,5133,4.348, 15.61, 0.04,16383, 1.277480, 0.686302,0,0,0,0,0,0,0,0,0,Simbad,286.17053,43.00891,7428736,14.572,16383.0,4.214393431255206
2828,6436029,4652,4.35, 25.03, 0.05,16007, 1.279218, 0.634103,0,0,0,0,0,0,0,0,0,Simbad,289.53882,41.89282,6436029,15.768,16007.0,4.204309944940537
2832,9995402,5026,4.328, 37.20, 1.33, 1745, 0.843763, 0.443505,0,0,0,0,0,0,0,0,0,Simbad,283.56531,46.90425,9995402,13.93,1745.0,3.241795431295199
2835,5436338,4323,4.614, 23.45, 0.05,18290, 1.491256, 0.672468,0,0,0,0,0,0,0,0,0,Simbad,287.82639,40.6966,5436338,15.906,18290.0,4.262213705476417
2836,11414465,4716,4.27, 18.09, 0.03,16695, 1.255317, 0.688077,0,0,0,0,0,0,0,0,0,Simbad,296.99655,49.25642,11414465,15.29,16695.0,4.222586423390389
2839,6186964,3923,4.71, 17.83, 0.11, 8370, 1.002091, 0.569616,1,0,0,0,0,0,0,0,0,Simbad,285.06491,41.55487,6186964,15.877,8370.0,3.92272545799326
2845,10591855,3956,4.714, 29.20, 0.55, 5772, 0.824538, 0.536571,1,0,0,0,0,0,0,0,0,Simbad,288.41653,47.87873,10591855,15.571,5772.0,3.7613263224214566
2848,7749773,5616,3.974, 22.67, 0.36, 1076, 0.519461, 0.358162,0,0,0,0,0,0,0,0,0,Simbad,290.66412,43.49984,7749773,12.458,1076.0,3.0318122713303706
2849,10064256,5234,4.571, 33.14, 0.71, 7112, 1.076331, 0.535184,0,0,0,0,0,0,0,0,0,Simbad,286.92429,47.05374,10064256,14.52,7112.0,3.8519917479621575
2851,6697605,5285,4.479, 11.24, 0.03,10027, 1.109759, 0.620031,0,0,0,0,0,0,0,0,0,Simbad,293.56635,42.13258,6697605,15.472,10027.0,4.0011710149414
2860,6606438,5963,4.656, 14.97, 0.11, 5260, 0.781318, 0.492343,0,0,0,0,0,0,0,0,0,Simbad,291.92255,42.00256,6606438,15.549,5260.0,3.7209857441537393
2862,6679295,3757,4.763, 17.78, 0.00,15740, 1.455510, 0.730552,1,0,0,0,0,0,0,0,0,Simbad,287.94861,42.15614,6679295,15.907,15740.0,4.197004728023046
2868,8884274,5392,4.882, 11.72, 0.03,14676, 1.165805, 0.664788,0,0,0,0,0,0,0,0,0,Simbad,291.34998,45.17227,8884274,15.97,14676.0,4.16660770308391
2875,12170648,5000,4.553, 23.10, 0.07,12023, 1.315228, 0.637213,0,0,0,0,0,0,0,0,0,Simbad,296.96381,50.74538,12170648,14.828,12023.0,4.080012847107928
2876,4367854,4893,4.542, 21.34, 0.14,12870, 1.400359, 0.664115,0,0,0,0,0,0,0,0,0,Simbad,292.37903,39.43584,4367854,14.937,12870.0,4.109578546904387
2877,7019524,5638,4.494, 27.16, 0.21, 1664, 0.618585, 0.367932,0,0,0,0,0,0,0,0,0,Simbad,286.95844,42.54138,7019524,14.699,1664.0,3.2211533219547053
2878,5106313,4832,4.77, 35.86, 0.98, 1944, 0.670405, 0.389852,0,0,0,0,0,0,0,0,0,Simbad,293.79358,40.24093,5106313,14.756,1944.0,3.288696260590256
2882,5642620,4442,4.598, 23.61, 0.12, 8396, 1.026589, 0.615938,0,0,0,0,0,0,0,0,0,Simbad,297.59085,40.81496,5642620,15.398,8396.0,3.9240724299103626
2883,5209845,4187,4.518, 40.77, 0.98,12354, 0.831371, 0.450143,0,0,0,0,0,0,0,0,0,Simbad,297.37332,40.3664,5209845,15.911,12354.0,4.091807597001675
2898,11129258,5888,4.627, 14.44, 0.02,11094, 1.121854, 0.618154,0,0,0,0,0,0,0,0,0,Simbad,287.53577,48.72779,11129258,15.535,11094.0,4.045088161542816
2900,4846856,5046,4.274, 11.50, 0.08, 7596, 1.104994, 0.599264,0,0,0,0,0,0,0,0,0,Simbad,294.8418,39.91888,4846856,15.266,7596.0,3.88058495606498
2910,4483138,4828,4.399, 22.03, 0.12, 5366, 0.841106, 0.525147,0,0,0,0,0,0,0,0,0,Simbad,296.21518,39.52705,4483138,15.384,5366.0,3.7296506683359203
2924,7609553,4850,4.335, 20.66, 0.02,13545, 1.086300, 0.642851,0,0,0,0,0,0,0,0,0,Simbad,292.4404,43.20943,7609553,14.589,13545.0,4.131779009369187
2925,6974658,5338,4.348, 30.45, 0.67, 2207, 0.534413, 0.331138,0,0,0,0,0,0,0,0,0,Simbad,298.29819,42.43437,6974658,13.458,2207.0,3.343802333161655
2931,8611257,4982,4.637, 31.77, 3.12, 3512, 0.335217, 0.251723,0,0,0,0,0,0,0,0,0,Simbad,285.71741,44.75842,8611257,14.699,3512.0,3.545554507234065
2951,4991208,5568,4.912, 22.41, 0.18, 2306, 0.697304, 0.447440,0,0,0,0,0,0,0,0,0,Simbad,284.45947,40.14256,4991208,13.348,2306.0,3.36285930295868
2958,10597693,6121,4.492, 10.35, 1.26, 1481, 0.314826, 0.261982,0,0,0,0,0,0,0,0,0,Simbad,290.9288,47.88725,10597693,14.756,1481.0,3.1705550585212086
2961,10471515,6200,3.993, 11.81, 0.44,  663, 0.444317, 0.307704,0,0,0,0,0,0,0,0,0,Simbad,292.33755,47.6642,10471515,12.581,663.0,2.821513528404773
2971,4770174,6013,4.438,  5.56, 0.06,  693, 0.523884, 0.348390,0,0,0,0,0,0,0,0,0,Simbad,297.39371,39.82904,4770174,12.742,693.0,2.8407332346118066
2976,6438099,5138,4.956, 18.52, 0.15,10378, 1.125188, 0.644383,0,0,0,0,0,0,0,0,0,Simbad,290.22067,41.86872,6438099,15.862,10378.0,4.016113666358908
2981,9076971,4946,4.47, 27.58, 0.23, 4257, 0.634936, 0.452007,0,0,0,0,0,0,0,0,0,Simbad,286.27167,45.44081,9076971,15.737,4257.0,3.6291036501771363
2982,8360640,5333,4.549, 13.41, 0.02,21084, 1.374034, 0.702670,0,0,0,0,0,0,0,0,0,Simbad,290.04388,44.3706,8360640,14.264,21084.0,4.32395300754292
2989,6636320,5217,4.828, 28.67, 2.30, 3843, 0.411114, 0.302827,0,0,0,0,0,0,0,0,0,Simbad,299.08099,42.01814,6636320,15.411,3843.0,3.584670384464349
2992,8509442,3945,4.728, 14.90, 0.04, 7518, 1.120792, 0.613157,1,0,0,0,0,0,0,0,0,Simbad,296.73724,44.50148,8509442,15.995,7518.0,3.8761023213777936
2996,12021625,5223,4.618, 28.51, 1.09, 4337, 0.429281, 0.312957,0,0,0,0,0,0,0,0,0,Simbad,296.00943,50.49838,12021625,15.688,4337.0,3.637189422148762
2998,4175630,5613,4.707, 13.80, 0.08, 9464, 0.893824, 0.573884,0,0,0,0,0,0,0,0,0,Simbad,295.68484,39.25614,4175630,15.873,9464.0,3.976074731619874
3009,12405333,5078,4.48, 13.51, 0.03,11798, 1.103936, 0.615618,0,0,0,0,0,0,0,0,0,Simbad,290.08478,51.2086,12405333,15.168,11798.0,4.0718083918331285
3010,3642335,3940,4.719, 14.36, 0.07, 7343, 1.159951, 0.628607,1,0,0,0,0,0,0,0,0,Simbad,290.51019,38.74354,3642335,15.757,7343.0,3.8658735282078145
3013,11565544,5543,4.708, 25.37, 1.40, 4646, 0.757534, 0.450304,0,0,0,0,0,0,0,0,0,Simbad,294.96811,49.55651,11565544,14.698,4646.0,3.6670792054642165
3026,6929841,4901,4.236, 14.61, 0.32, 7904, 1.124879, 0.627135,0,0,0,0,0,0,0,0,0,Simbad,284.92859,42.42231,6929841,14.897,7904.0,3.8978469315795716
3027,11137180,4915,4.666, 17.23, 0.04,14154, 1.109427, 0.645551,0,0,0,0,0,0,0,0,0,Simbad,291.6756,48.76256,11137180,15.489,14154.0,4.150879191269239
3029,5903749,5299,4.407, 18.95, 0.05, 7602, 1.127527, 0.627835,0,0,0,0,0,0,0,0,0,Simbad,298.75836,41.15988,5903749,14.948,7602.0,3.880927865267085
3034,2973386,3858,4.755, 38.12, 0.32, 5181, 0.719974, 0.428313,1,0,0,0,0,0,0,0,0,Simbad,286.98013,38.16522,2973386,15.572,5181.0,3.714413592287121
3049,6263593,4462,4.705, 12.41, 0.94,11145, 1.197690, 0.641702,0,0,0,0,0,0,0,0,0,Simbad,282.9975,41.67855,6263593,15.037,11145.0,4.047080072816256
3052,8827575,5284,4.404, 27.75, 0.68, 2388, 0.583697, 0.384828,0,0,0,0,0,0,0,0,0,Simbad,295.09027,45.08118,8827575,13.573,2388.0,3.3780343224573315
3060,11019987,6299,4.371, 13.18, 0.35,  468, 0.444501, 0.278030,0,0,0,0,0,0,0,0,0,Simbad,286.5806,48.54419,11019987,12.788,468.0,2.670245853074124
3061,4857058,4959,4.33, 29.53, 2.90, 3469, 0.451783, 0.326853,0,0,0,0,0,0,0,0,0,Simbad,297.04208,39.91223,4857058,14.316,3469.0,3.5402042998420598
3065,5040077,5589,4.507, 15.22, 0.06, 8213, 1.010484, 0.613860,0,0,0,0,0,0,0,0,0,Simbad,298.53967,40.18366,5040077,14.603,8213.0,3.914501822827314
3071,5865654,4807,4.189, 28.86, 0.33, 3465, 0.773709, 0.491042,0,0,0,0,0,0,0,0,0,Simbad,288.24377,41.11008,5865654,14.553,3465.0,3.5397032389478253
3083,7106173,5698,4.549, 21.23, 0.39, 1318, 0.442032, 0.317546,0,0,0,0,0,0,0,0,0,Simbad,287.97885,42.67936,7106173,12.857,1318.0,3.119915410257991
3090,6609270,3853,4.743, 27.05, 0.21,12378, 1.053414, 0.611695,1,0,0,0,0,0,0,0,0,Simbad,292.73764,42.01483,6609270,15.665,12378.0,4.092650478356795
3094,12352520,3807,4.754, 36.45, 0.10, 6152, 1.011703, 0.542539,1,0,0,0,0,0,0,0,0,Simbad,288.87436,51.15412,12352520,15.737,6152.0,3.7890163267933747
3095,9650989,5700,4.553, 19.24, 0.30, 4426, 0.468556, 0.355586,0,0,0,0,0,0,0,0,0,Simbad,292.57336,46.36684,9650989,15.067,4426.0,3.6460114095912393
3102,9605552,3783,4.919, 31.51, 0.24,10722, 0.772607, 0.511068,1,0,0,0,0,0,0,0,0,Simbad,297.96048,46.22792,9605552,15.983,10722.0,4.030275802889288
3112,7022573,5301,4.619, 33.93, 0.09, 5780, 0.703422, 0.391313,0,0,0,0,0,0,0,0,0,Simbad,288.21072,42.55681,7022573,15.855,5780.0,3.761927838420529
3113,7676423,4647,4.442, 30.68, 1.73, 3555, 0.512512, 0.360120,0,0,0,0,0,0,0,0,0,Simbad,289.69748,43.37209,7676423,15.245,3555.0,3.550839605065785
3117,6523351,5489,4.155, 23.82, 0.35, 4155, 0.829129, 0.493816,0,0,0,0,0,0,0,0,0,Simbad,292.1218,41.92703,6523351,13.163,4155.0,3.61857102812013
3130,10252275,4982,4.397, 27.38, 1.27, 3698, 0.660270, 0.458449,0,0,0,0,0,0,0,0,0,Simbad,280.70853,47.32806,10252275,13.752,3698.0,3.567966906823154
3140,5978170,4065,4.557, 34.77, 0.76, 2889, 0.481080, 0.352792,0,0,0,0,0,0,0,0,0,Simbad,296.61725,41.28119,5978170,15.561,2889.0,3.460747541844197
3165,9579208,6228,4.159,  5.29, 0.86,  876, 0.525347, 0.384742,0,0,0,0,0,0,0,0,0,Simbad,287.6376,46.20441,9579208,10.335,876.0,2.9425041061680806
3179,6153407,6237,4.033, 19.18, 2.68, 3826, 0.838237, 0.454172,0,1,0,0,0,0,0,0,0,Simbad,299.3028,41.44102,6153407,10.884,3826.0,3.582744965691277
3194,12004971,6288,4.29, 10.77, 0.03,  532, 1.037274, 0.570509,0,0,0,0,0,0,0,0,0,Simbad,286.62854,50.47127,12004971,11.487,532.0,2.7259116322950483
3220,11189311,6499,4.394,  5.12, 0.09, 1138, 0.322598, 0.251012,0,1,0,0,0,0,0,0,0,Simbad,291.25562,48.84692,11189311,12.146,1138.0,3.056142262059052
3224,10384298,5248,4.596, 22.50, 0.14, 7938, 0.882495, 0.547132,0,0,0,0,0,0,0,0,0,Simbad,281.32745,47.58487,10384298,12.192,7938.0,3.8997110945711446
3225,3109550,5310,4.129, 29.12, 3.07, 5097, 0.629704, 0.389493,0,0,0,0,0,0,0,0,0,Simbad,289.67175,38.29787,3109550,12.207,5097.0,3.707314633588708
3232,9569711,5664,4.132, 13.33, 0.05, 9449, 1.112664, 0.646411,0,0,0,0,0,0,0,0,0,Simbad,282.11783,46.22393,9569711,12.253,9449.0,3.9753858489894673
3234,10057494,6167,4.367,  3.73, 0.05,  984, 0.401637, 0.278572,0,0,0,0,0,0,0,0,0,Simbad,283.43576,47.06686,10057494,12.278,984.0,2.9929950984313414
3237,6587796,5610,4.621, 10.97, 0.06,14833, 1.014926, 0.610206,0,0,0,0,0,0,0,0,0,Simbad,285.33063,42.04043,6587796,12.325,14833.0,4.171228996725051
3246,9885417,4656,4.093, 19.66, 0.14,22477, 1.374555, 0.679033,0,0,0,0,0,0,0,0,0,Simbad,289.42395,46.72617,9885417,12.411,22477.0,4.35173834558076
3261,12055539,5854,4.577, 20.47, 0.98, 3391, 0.647954, 0.404774,0,0,0,0,0,0,0,0,0,Simbad,287.8674,50.59558,12055539,14.411,3391.0,3.5303277897780863
3264,9345933,4653,4.615, 19.65, 0.32,10051, 1.334748, 0.677105,0,0,0,0,0,0,0,0,0,Simbad,293.25903,45.83745,9345933,15.961,10051.0,4.002209272988015
3266,8826007,4285,4.669, 37.09, 0.19, 4615, 0.650806, 0.398028,0,0,0,0,0,0,0,0,0,Simbad,294.55383,45.08139,8826007,15.498,4615.0,3.6641717053619307
3267,8620402,5968,4.545, 18.48, 0.65, 2579, 0.408638, 0.269181,0,0,0,0,0,0,0,0,0,Simbad,290.21667,44.77968,8620402,14.706,2579.0,3.4114513421379375
3274,5280587,5559,4.766,  7.93, 0.01,13708, 1.295318, 0.708583,0,0,0,0,0,0,0,0,0,Simbad,293.44644,40.40989,5280587,15.332,13708.0,4.13697409575783
3277,3120904,5710,4.535, 16.13, 0.22,  840, 0.577626, 0.417314,0,0,0,0,0,0,0,0,0,Simbad,292.42282,38.26633,3120904,13.062,840.0,2.9242792860618816
3278,3342467,5303,4.795, 12.52, 0.02,20385, 1.310087, 0.713021,0,0,0,0,0,0,0,0,0,Simbad,291.52487,38.45585,3342467,14.71,20385.0,4.309310715788175
3280,10653179,5680,4.825, 13.87, 0.08,21816, 1.374894, 0.683835,0,0,0,0,0,0,0,0,0,Simbad,286.12555,47.94761,10653179,15.57,21816.0,4.338775124933574
3282,12066569,3894,4.727, 18.12, 0.03, 8480, 1.267195, 0.711520,1,0,0,0,0,0,0,0,0,Simbad,294.08307,50.50277,12066569,15.855,8480.0,3.9283958522567137
3284,6497146,3690,4.792, 36.72, 0.15, 9278, 1.058347, 0.564534,1,0,0,0,0,0,0,0,0,Simbad,281.64581,41.95109,6497146,14.467,9278.0,3.9674543681827408
3286,8016691,4103,4.392, 14.54, 0.00, 8530, 1.208758, 0.663087,0,0,0,0,0,0,0,0,0,Simbad,286.94531,43.82277,8016691,15.464,8530.0,3.930949031167523
3288,5768816,5423,4.411, 16.17, 0.05,19700, 1.082697, 0.639637,0,0,0,0,0,0,0,0,0,Simbad,283.21161,41.03806,5768816,14.19,19700.0,4.294466226161593
3305,6880517,5242,4.736, 23.47, 0.69, 9023, 1.019852, 0.569485,0,0,0,0,0,0,0,0,0,Simbad,296.39752,42.39692,6880517,15.858,9023.0,3.95535095736766
3307,6131130,5137,4.438, 18.82, 0.08, 5802, 1.025431, 0.634196,0,0,0,0,0,0,0,0,0,Simbad,294.13626,41.45669,6131130,15.654,5802.0,3.7635777244666455
3310,12253769,5411,4.53, 28.52, 1.35, 3491, 0.509806, 0.327611,0,0,0,0,0,0,0,0,0,Simbad,288.80457,50.99062,12253769,13.55,3491.0,3.5429498488141786
3316,9031209,5127,4.737,  6.41, 0.00,22283, 1.493759, 0.763054,0,0,0,0,0,0,0,0,0,Simbad,295.04855,45.34268,9031209,15.549,22283.0,4.347973660278038
3318,8331612,5761,4.406,  8.13, 0.04,22298, 1.374207, 0.733892,0,0,0,0,0,0,0,0,0,Simbad,301.27869,44.25053,8331612,15.842,22298.0,4.348265911123662
3324,4271474,5242,4.823,  8.24, 0.02,17852, 1.106884, 0.594178,0,0,0,0,0,0,0,0,0,Simbad,293.82135,39.39135,4271474,15.965,17852.0,4.251686878168492
3337,7692093,5363,4.705, 28.23, 4.45, 4131, 0.443394, 0.302503,0,0,0,0,0,0,0,0,0,Simbad,294.90594,43.38189,7692093,15.927,4131.0,3.6160551949765862
3339,7772914,5473,4.279,  5.98, 0.00,16934, 1.274434, 0.673913,0,0,0,0,0,0,0,0,0,Simbad,297.75192,43.44758,7772914,14.656,16934.0,4.228759555435635
3343,3236705,5687,4.505, 22.68, 0.56, 3289, 0.454537, 0.311110,0,0,0,0,0,0,0,0,0,Simbad,291.85522,38.39313,3236705,14.97,3289.0,3.5170638734826545
3355,9221528,5931,4.442, 21.22, 0.33, 1593, 0.521701, 0.321200,0,0,0,0,0,0,0,0,0,Simbad,293.13409,45.62687,9221528,15.11,1593.0,3.2022157758011316
3364,11081512,4570,4.521, 19.11, 0.12,16390, 0.933569, 0.546559,0,0,0,0,0,0,0,0,0,Simbad,290.46207,48.69955,11081512,15.281,16390.0,4.214578953570499
3365,11455428,5118,4.112, 11.32, 0.00,20017, 1.416003, 0.733872,0,0,0,0,0,0,0,0,0,Simbad,291.99976,49.30181,11455428,14.523,20017.0,4.301398989173564
3370,11657614,4770,4.43,  9.21, 0.00,24698, 1.488085, 0.770080,0,0,0,0,0,0,0,0,0,Simbad,289.43896,49.73122,11657614,14.779,24698.0,4.392661786290789
3372,9785921,5967,4.61,  8.17, 0.00, 9039, 1.239798, 0.696448,0,0,0,0,0,0,0,0,0,Simbad,297.4809,46.58914,9785921,15.42,9039.0,3.9561203863930197
3375,6779726,5634,4.499,  9.14, 0.03,12188, 1.132335, 0.652997,0,0,0,0,0,0,0,0,0,Simbad,292.53055,42.21465,6779726,15.695,12188.0,4.085932445550636
3377,5553959,4262,4.501, 31.21, 1.36, 4309, 0.844537, 0.511354,0,0,0,0,0,0,0,0,0,Simbad,297.05066,40.71742,5553959,15.318,4309.0,3.6343764940883676
3391,9452897,4257,4.373, 24.79, 0.19, 9569, 1.021814, 0.607471,0,0,0,0,0,0,0,0,0,Simbad,285.84387,46.01591,9452897,15.903,9569.0,3.980866554582079
3407,7131760,5386,4.639, 18.17, 0.06,16139, 1.341052, 0.661664,0,0,0,0,0,0,0,0,0,Simbad,295.69357,42.60951,7131760,15.449,16139.0,4.207876621591972
3412,5780930,4598,4.097, 14.15, 0.03, 8205, 1.096407, 0.600284,0,0,0,0,0,0,0,0,0,Simbad,288.59711,41.03643,5780930,14.534,8205.0,3.914078585389112
3415,3433668,5440,4.404,  8.78, 0.02, 5067, 1.390494, 0.748170,0,0,0,0,0,0,0,0,0,Simbad,288.54913,38.56523,3433668,13.109,5067.0,3.704750904290671
3423,3745559,6039,4.469,  8.55, 0.00, 8414, 1.333277, 0.696612,0,0,0,0,0,0,0,0,0,Simbad,291.06204,38.86331,3745559,14.296,8414.0,3.9250025076809774
3433,7093401,5056,4.238, 11.51, 0.04,16568, 1.205424, 0.650071,0,0,0,0,0,0,0,0,0,Simbad,282.34613,42.60891,7093401,15.417,16568.0,4.219270085885396
3436,6265665,4840,4.3, 14.70, 0.02,20253, 1.301535, 0.724384,0,0,0,0,0,0,0,0,0,Simbad,283.98633,41.65041,6265665,13.509,20253.0,4.306489362708483
3465,9763612,5247,4.309, 11.38, 0.01,11510, 1.300500, 0.718987,0,0,0,0,0,0,0,0,0,Simbad,288.56152,46.53605,9763612,13.136,11510.0,4.061075323629792
3478,7742408,4739,4.068, 26.56, 0.07, 8375, 0.926953, 0.557662,0,0,0,0,0,0,0,0,0,Simbad,287.66339,43.47145,7742408,13.354,8375.0,3.9229848157088827
3494,8231667,5051,4.414, 22.49, 0.15,17966, 1.144893, 0.612082,0,0,0,0,0,0,0,0,0,Simbad,291.19882,44.16624,8231667,15.654,17966.0,4.254451395345017
3497,8424002,4623,4.593,  9.43, 0.03,13740, 1.185433, 0.615546,0,1,0,0,0,0,0,0,0,Simbad,289.27451,44.47032,8424002,13.393,13740.0,4.137986732723531
3652,8256044,5426,4.111, 15.66, 0.10, 7571, 0.990804, 0.617194,0,0,0,0,0,0,0,0,0,Simbad,298.67557,44.17573,8256044,15.879,7571.0,3.879153246184246
3678,4150804,5650,4.313, 28.23, 0.86, 4292, 0.554151, 0.327012,0,1,0,0,0,0,0,0,0,Simbad,289.7916,39.28533,4150804,12.888,4292.0,3.6326597132939136
3681,2581316,6382,3.764,  7.83, 0.16,  464, 0.349464, 0.258377,0,1,0,0,0,0,0,0,0,Simbad,292.62747,37.86014,2581316,11.69,464.0,2.6665179805548807
3683,10795103,6291,4.273,  6.64, 1.45,  312, 0.354549, 0.298544,0,0,0,0,0,0,0,0,0,Simbad,290.97394,48.17816,10795103,12.04,312.0,2.494154594018443
3741,8780959,6210,4.19,  2.25, 0.00, 1312, 0.738737, 0.474036,0,0,0,0,0,0,0,0,0,Simbad,300.33237,44.98614,8780959,13.306,1312.0,3.1179338350396413
3791,5437945,6093,4.172, 17.93, 0.09,  676, 0.529729, 0.322271,0,0,0,0,0,0,0,0,0,Simbad,288.47485,40.65136,5437945,13.771,676.0,2.829946695941636
3794,12557548,4412,4.63, 22.79, 0.02,23874, 1.428053, 0.665005,0,0,0,0,0,0,0,0,0,Simbad,290.96622,51.50472,12557548,15.692,23874.0,4.377925189530032
3815,6507433,5916,4.552,  4.64, 0.00,27476, 1.189487, 0.656756,0,0,0,0,0,0,0,0,0,Simbad,286.50876,41.92274,6507433,15.432,27476.0,4.4389535077043965
3823,4820550,5586,4.625, 14.42, 0.00, 9942, 1.133813, 0.646576,0,0,0,0,0,0,0,0,0,Simbad,286.77145,39.98382,4820550,13.922,9942.0,3.9974737588029803
3835,2581554,4901,3.897,  7.87, 0.01,20760, 1.318524, 0.670628,0,0,0,0,0,0,0,0,0,Simbad,292.69028,37.83498,2581554,12.86,20760.0,4.31722734917642
3864,4164922,4841,4.181,  9.56, 0.01,15490, 1.345929, 0.695206,0,0,0,0,0,0,0,0,0,Simbad,293.34497,39.25781,4164922,12.914,15490.0,4.190051417759206
3875,11911561,6022,4.027,  8.75, 0.02,11015, 1.123678, 0.656527,0,1,0,0,0,0,0,0,0,Simbad,290.14914,50.23918,11911561,13.579,11015.0,4.041984501486787
3876,3440118,5609,4.235,  4.70, 0.00,26609, 1.540769, 0.787366,0,0,0,0,0,0,0,0,0,Simbad,290.44067,38.52356,3440118,12.624,26609.0,4.425028553520105
3878,4472818,5650,4.37, 10.20, 0.05,12729, 1.397002, 0.718788,0,0,0,0,0,0,0,0,0,Simbad,293.88541,39.51981,4472818,12.72,12729.0,4.104794286486278
3880,4147444,6438,4.33,  4.20, 0.00, 7396, 1.117439, 0.641285,0,1,0,0,0,0,0,0,0,Simbad,288.86737,39.26496,4147444,10.762,7396.0,3.8689969024871353
3893,3728432,4371,4.583, 18.61, 0.05,16697, 1.452557, 0.689107,0,0,0,0,0,0,0,0,0,Simbad,285.11969,38.86642,3728432,15.646,16697.0,4.222638447166434
3907,7137213,6227,4.076,  2.14, 0.01, 1259, 0.722650, 0.466749,0,0,0,0,0,0,0,0,0,Simbad,296.9978,42.65332,7137213,12.642,1259.0,3.1000257301078626
3916,5784777,4891,4.353,  6.49, 0.00,96819, 1.693325, 0.765088,0,0,0,0,0,0,0,0,0,Simbad,289.8707,41.04073,5784777,15.362,96819.0,4.985960592695237
3933,11244682,5338,4.9,  4.21, 0.00,24002, 1.641570, 0.776049,0,0,0,0,0,0,0,0,0,Simbad,292.13733,48.91719,11244682,14.678,24002.0,4.380247431410548
3935,5895158,5608,4.63,  6.55, 0.00,19102, 1.359653, 0.727776,0,0,0,0,0,0,0,0,0,Simbad,296.9028,41.19819,5895158,14.815,19102.0,4.281078840728938
3936,4947556,4907,4.511,  7.15, 0.03,25618, 1.269223, 0.644541,0,0,0,0,0,0,0,0,0,Simbad,297.57712,40.02771,4947556,13.336,25618.0,4.408545221315446
3975,9280239,4208,4.556, 23.19, 0.83,15183, 1.096867, 0.634208,0,0,0,0,0,0,0,0,0,Simbad,291.58517,45.71579,9280239,15.188,15183.0,4.1813575920284505
3984,8036287,5103,4.187, 19.07, 0.14,14127, 1.161448, 0.643466,0,0,0,0,0,0,0,0,0,Simbad,294.38538,43.82547,8036287,14.536,14127.0,4.150049945162385
3991,10352333,5380,4.347,  5.27, 0.01,21088, 1.458300, 0.745878,0,0,0,0,0,0,0,0,0,Simbad,296.50354,47.48692,10352333,13.14,21088.0,4.324035392913916
4002,5773121,5194,4.5, 18.38, 0.19,22602, 0.919070, 0.570587,0,0,0,0,0,0,0,0,0,Simbad,285.33154,41.06391,5773121,15.04,22602.0,4.354146870586911
4004,4814502,5543,3.855,  6.24, 0.09,12493, 1.255797, 0.673859,0,0,0,0,0,0,0,0,0,Simbad,283.99509,39.917,4814502,12.697,12493.0,4.096666739975382
4015,8282846,5108,4.532, 19.93, 0.19,13971, 1.360969, 0.654668,0,0,0,0,0,0,0,0,0,Simbad,284.21942,44.26854,8282846,15.307,13971.0,4.145227492652394
4016,5938970,4224,4.588, 15.16, 0.03, 4433, 1.070208, 0.597284,0,0,0,0,0,0,0,0,0,Simbad,283.34448,41.20174,5938970,14.073,4433.0,3.6466977312993345
4024,10714072,5179,4.178, 11.14, 0.00,19519, 1.482555, 0.726808,0,0,0,0,0,0,0,0,0,Simbad,283.78702,48.02956,10714072,13.801,19519.0,4.2904575640680385
4030,9551430,5393,4.544,  5.71, 0.06, 4282, 0.578966, 0.335802,0,0,0,0,0,0,0,0,0,Simbad,300.18863,46.18577,9551430,15.553,4282.0,3.6316466629584196
4034,10089911,6355,4.64,  1.58, 0.07,  987, 0.442987, 0.313778,0,0,0,0,0,0,0,0,0,Simbad,297.1243,47.03702,10089911,13.487,987.0,2.9943171526696366
4036,11415243,4719,4.195, 26.21, 0.05,12557, 1.059039, 0.587388,0,0,0,0,0,0,0,0,0,Simbad,297.285,49.21246,11415243,14.061,12557.0,4.098885894252321
4053,1718958,5929,4.424,  9.23, 0.05, 4895, 1.049057, 0.646579,0,0,0,0,0,0,0,0,0,Simbad,290.91934,37.28717,1718958,12.801,4895.0,3.6897526961391565
4054,6428794,5204,4.653, 23.78, 0.15, 8097, 1.012014, 0.566766,0,0,0,0,0,0,0,0,0,Simbad,286.60889,41.88934,6428794,14.566,8097.0,3.908324139276179
4068,6226908,5359,4.373, 22.61, 0.77,10741, 0.787343, 0.508168,0,0,0,0,0,0,0,0,0,Simbad,297.58392,41.54123,6226908,15.412,10741.0,4.031044716583705
4069,5906694,4378,4.58,  7.90, 0.01,62543, 1.700765, 0.757783,0,0,0,0,0,0,0,0,0,Simbad,299.3519,41.19574,5906694,14.885,62543.0,4.796178709209401
4087,6106282,3818,4.785, 17.61, 0.02, 6759, 1.311711, 0.723303,1,0,0,0,0,0,0,0,0,Simbad,285.34995,41.45221,6106282,15.134,6759.0,3.8298824464434933
4097,5688683,4216,4.701, 12.80, 0.02,19369, 1.146563, 0.621694,0,0,0,0,0,0,0,0,0,Simbad,285.69,40.99453,5688683,13.435,19369.0,4.2871071991552085
4103,3747817,5084,4.628, 16.75, 0.04,16882, 1.475413, 0.685098,0,0,0,0,0,0,0,0,0,Simbad,291.67682,38.87491,3747817,14.838,16882.0,4.227423895933663
4127,5088400,5572,4.4, 12.03, 0.02,27841, 1.307240, 0.696524,0,0,0,0,0,0,0,0,0,Simbad,288.397,40.21319,5088400,15.247,27841.0,4.444684830316479
4129,11970988,5043,4.386, 32.75, 0.24, 3046, 0.758404, 0.431448,0,0,0,0,0,0,0,0,0,Simbad,295.52948,50.3704,11970988,13.506,3046.0,3.4837298990000236
4146,10000941,4946,4.37, 13.14, 0.34,27232, 1.579609, 0.719592,0,0,0,0,0,0,0,0,0,Simbad,286.81937,46.91169,10000941,13.632,27232.0,4.435079538404493
4157,4548098,6318,4.297,  5.91, 0.04,  737, 0.315903, 0.265549,0,0,0,0,0,0,0,0,0,Simbad,287.41006,39.65868,4548098,12.692,737.0,2.8674674878590514
4160,7610663,5549,4.402, 10.41, 0.03,16612, 1.360112, 0.719745,0,0,0,0,0,0,0,0,0,Simbad,292.78461,43.21598,7610663,13.421,16612.0,4.220421922437841
4169,7838675,5528,4.684,  6.25, 0.07,26459, 1.508074, 0.770862,0,0,0,0,0,0,0,0,0,Simbad,296.92361,43.56647,7838675,14.658,26459.0,4.422573426295597
4184,6752002,4809,4.421, 30.38, 0.59, 5140, 0.768098, 0.473089,0,0,0,0,0,0,0,0,0,Simbad,281.89813,42.28587,6752002,13.473,5140.0,3.710963118995276
4188,6879171,6040,3.978, 10.23, 0.01, 4842, 0.868631, 0.561643,0,1,0,0,0,0,0,0,0,Simbad,296.10406,42.34259,6879171,13.128,4842.0,3.685024785105714
4190,12505503,5526,4.579, 46.40, 1.88, 1492, 0.564399, 0.272831,0,0,0,0,0,0,0,0,0,Simbad,288.57358,51.47275,12505503,13.583,1492.0,3.17376882313665
4194,5644412,4925,4.624,  7.51, 0.01,44690, 1.413039, 0.714180,0,0,0,0,0,0,0,0,0,Simbad,297.95297,40.80681,5644412,15.329,44690.0,4.650210354660359
4207,9456281,4064,4.351, 16.02, 0.01,10164, 1.209389, 0.672394,0,0,0,0,0,0,0,0,0,Simbad,287.80502,46.00116,9456281,15.397,10164.0,4.007064656378332
4208,5129453,4287,4.455, 38.94, 0.71, 5510, 0.396971, 0.266096,0,0,0,0,0,0,0,0,0,Simbad,298.98502,40.20371,5129453,15.745,5510.0,3.741151598851785
4222,9183378,5523,4.065, 15.49, 0.08, 6890, 1.023056, 0.623032,0,0,0,0,0,0,0,0,0,Simbad,300.93539,45.59654,9183378,13.767,6890.0,3.8382192219076257
4235,10794974,6409,4.315,  5.24, 0.03,  455, 0.339851, 0.286287,0,0,0,0,0,0,0,0,0,Simbad,290.9227,48.18033,10794974,13.224,455.0,2.6580113966571126
4242,9514372,5716,4.496, 23.66, 6.30, 1914, 0.452409, 0.295592,0,0,0,0,0,0,0,0,0,Simbad,285.66006,46.14347,9514372,14.41,1914.0,3.281941933440825
4246,5177859,5605,4.273,  7.17, 0.00,16363, 1.170817, 0.650301,0,0,0,0,0,0,0,0,0,Simbad,289.07397,40.36601,5177859,13.382,16363.0,4.213862930386819
4251,8741470,5525,4.309, 17.72, 0.05,11478, 1.012857, 0.596237,0,0,0,0,0,0,0,0,0,Simbad,286.35339,44.96118,8741470,13.795,11478.0,4.05986622041094
4252,10525049,3825,4.748, 30.56, 0.41, 7702, 0.997481, 0.574206,1,0,0,0,0,0,0,0,0,Simbad,287.36404,47.78521,10525049,13.977,7702.0,3.8866035142867124
4255,10407482,4758,4.166, 11.63, 0.02, 9383, 1.044413, 0.564503,0,0,0,0,0,0,0,0,0,Simbad,292.95526,47.5731,10407482,15.056,9383.0,3.972341716325748
4268,7826620,4250,4.537, 13.05, 0.03, 9514, 1.218494, 0.658999,0,0,0,0,0,0,0,0,0,Simbad,293.28802,43.51499,7826620,15.22,9514.0,3.9783631470838827
4276,6026924,6102,4.273, 16.09, 0.23,  553, 0.484679, 0.308348,0,1,0,0,0,0,0,0,0,Simbad,285.96872,41.36356,6026924,12.561,553.0,2.7427251313046983
4300,8507475,5244,4.52, 10.89, 0.02,14598, 1.288072, 0.705515,0,0,0,0,0,0,0,0,0,Simbad,296.159,44.56311,8507475,15.965,14598.0,4.164293359314462
4318,9286088,6499,4.268,  2.34, 0.20,  641, 0.373058, 0.303508,0,0,0,0,0,0,0,0,0,Simbad,293.93832,45.71902,9286088,12.583,641.0,2.8068580295188172
4345,10534155,5517,4.03,  4.54, 0.00, 2625, 1.315102, 0.683771,0,0,0,0,0,0,0,0,0,Simbad,291.50122,47.74773,10534155,13.404,2625.0,3.4191293077419758
4351,5436161,5001,4.452,  0.64, 0.00, 1594, 0.609589, 0.340174,0,0,0,0,0,0,0,0,0,Simbad,287.75916,40.65704,5436161,14.999,1594.0,3.2024883170600935
4356,8459663,4347,4.826, 12.18, 0.01,16465, 1.404875, 0.748454,0,0,0,0,0,0,0,0,0,Simbad,300.48816,44.46067,8459663,15.873,16465.0,4.216561735047927
4363,9776794,4964,4.364, 11.76, 0.04, 7624, 0.952225, 0.525155,0,0,0,0,0,0,0,0,0,Simbad,294.36514,46.50176,9776794,16.084,7624.0,3.88218288763027
4364,7427764,5212,4.499, 11.63, 0.01,13083, 1.190141, 0.656665,0,0,0,0,0,0,0,0,0,Simbad,285.72272,43.00948,7427764,15.448,13083.0,4.116707341393089
4372,9702006,4689,4.623, 18.02, 0.03,11148, 1.194038, 0.690959,0,0,0,0,0,0,0,0,0,Simbad,287.96814,46.47061,9702006,15.485,11148.0,4.0471969600412665
4383,9883606,5853,4.383, 14.22, 0.05, 6131, 1.031647, 0.601144,0,0,0,0,0,0,0,0,0,Simbad,288.46909,46.78368,9883606,13.874,6131.0,3.787531316127234
4398,5802637,5369,4.927, 17.81, 0.11,14775, 1.048955, 0.622648,0,0,0,0,0,0,0,0,0,Simbad,295.21127,41.08697,5802637,15.486,14775.0,4.1695274895532926
4399,8345384,5449,3.81, 17.56, 0.19, 3575, 0.911636, 0.587234,0,0,0,0,0,0,0,0,0,Simbad,282.12888,44.30316,8345384,11.965,3575.0,3.5532760461370994
4405,10745365,5961,4.512,  0.50, 0.00, 2258, 1.075038, 0.587578,0,0,0,0,0,0,0,0,0,Simbad,296.896,48.04726,10745365,14.671,2258.0,3.353723937588949
4407,8396660,6169,4.079, 20.08, 0.10,  988, 0.707676, 0.395987,0,0,0,0,0,0,0,0,0,Simbad,301.15656,44.37953,8396660,11.179,988.0,2.9947569445876283
4410,6350882,5736,4.493, 19.65, 0.61, 2752, 0.395713, 0.302157,0,0,0,0,0,0,0,0,0,Simbad,287.04236,41.75221,6350882,15.744,2752.0,3.4396484295634737
4411,5281113,6072,4.688, 11.66, 1.39,  904, 0.469929, 0.355490,0,0,0,0,0,0,0,0,0,Simbad,293.58087,40.42747,5281113,13.352,904.0,2.9561684304753633
4423,3866536,6120,4.648,  7.64, 0.00, 1376, 0.915048, 0.592833,0,0,0,0,0,0,0,0,0,Simbad,295.50211,38.98354,3866536,13.099,1376.0,3.1386184338994925
4427,4172805,3668,4.832, 39.21, 4.62, 4427, 0.353091, 0.254797,1,0,0,0,0,0,0,0,0,Simbad,295.11722,39.27409,4172805,15.645,4427.0,3.6461095219788477
4444,11718389,4211,4.459, 39.51, 0.76, 3049, 0.383636, 0.252838,0,0,0,0,0,0,0,0,0,Simbad,294.62097,49.89415,11718389,15.583,3049.0,3.484157424365381
4447,10604592,4747,4.387, 34.93, 0.59, 3130, 0.391663, 0.272933,0,0,0,0,0,0,0,0,0,Simbad,293.71136,47.88754,10604592,14.793,3130.0,3.4955443375464483
4450,7429240,5371,4.761, 29.26, 1.30, 2554, 0.549876, 0.346498,0,0,0,0,0,0,0,0,0,Simbad,286.37827,43.07325,7429240,15.139,2554.0,3.4072208929273966
4464,11357664,4201,4.319, 37.65, 0.98, 3717, 0.612463, 0.379968,0,0,0,0,0,0,0,0,0,Simbad,295.30652,49.17967,11357664,15.194,3717.0,3.570192561095726
4478,8636600,4904,4.417, 16.34, 0.02,23290, 1.143854, 0.654989,0,0,0,0,0,0,0,0,0,Simbad,296.02225,44.73266,8636600,14.58,23290.0,4.367169488534681
4487,8098212,5192,4.349, 15.22, 0.03,18873, 1.357585, 0.688849,0,0,0,0,0,0,0,0,0,Simbad,292.02829,43.94636,8098212,14.371,18873.0,4.275840939904668
4498,4844367,5852,4.536,  9.97, 0.01,17135, 1.256493, 0.693299,0,0,0,0,0,0,0,0,0,Simbad,294.22134,39.98952,4844367,14.841,17135.0,4.233884108765886
4504,6520753,5286,4.563,  9.13, 0.00,19985, 1.421489, 0.752394,0,0,0,0,0,0,0,0,0,Simbad,291.2941,41.91283,6520753,15.956,19985.0,4.300704152596124
4508,5457326,4527,4.5, 27.96, 0.37, 5790, 0.736657, 0.496910,0,0,0,0,0,0,0,0,0,Simbad,294.3735,40.65144,5457326,15.352,5790.0,3.762678563727436
4524,5003670,5703,4.464, 21.87, 0.42, 2655, 0.523712, 0.353228,0,0,0,0,0,0,0,0,0,Simbad,289.5484,40.1642,5003670,14.955,2655.0,3.4240645254174877
4588,8806985,6483,4.207, 13.43, 0.07,  584, 0.569620, 0.327853,0,1,0,0,0,0,0,0,0,Simbad,286.51355,45.03804,8806985,12.912,584.0,2.7664128471123997
4613,10220837,5517,4.427, 24.84, 1.32, 1596, 0.419692, 0.299951,0,0,0,0,0,0,0,0,0,Simbad,296.58755,47.20716,10220837,13.885,1596.0,3.2030328870147105
4643,11655826,5618,4.501, 15.35, 0.01,11796, 1.315102, 0.666685,0,0,0,0,0,0,0,0,0,Simbad,288.44839,49.71403,11655826,15.308,11796.0,4.0717347638797605
4644,1721157,4968,4.63, 11.86, 0.02,10732, 1.021859, 0.559212,0,0,0,0,0,0,0,0,0,Simbad,291.45734,37.20684,1721157,15.144,10732.0,4.0306806639999015
4649,4750669,5420,4.702, 21.14, 0.24,10487, 0.990243, 0.571057,0,0,0,0,0,0,0,0,0,Simbad,292.96661,39.89964,4750669,15.446,10487.0,4.020651268004342
4651,6717252,5431,4.343, 16.46, 0.12, 5330, 0.952072, 0.604750,0,0,0,0,0,0,0,0,0,Simbad,298.08716,42.16435,6717252,13.818,5330.0,3.7267272090265724
4656,8107611,6422,4.144, 13.77, 0.07, 1148, 0.966752, 0.513921,0,0,0,0,0,0,0,0,0,Simbad,295.24191,43.9726,8107611,13.821,1148.0,3.059941888061955
4661,5962262,4829,4.638,  5.45, 0.01, 1301, 0.633904, 0.353515,0,0,0,0,0,0,0,0,0,Simbad,292.46387,41.29907,5962262,14.79,1301.0,3.1142772965615864
4670,9837828,4815,4.447, 11.86, 0.04,19348, 1.161045, 0.621750,0,0,0,0,0,0,0,0,0,Simbad,294.58066,46.61059,9837828,16.303,19348.0,4.286636078716418
4686,5819801,5392,4.174, 36.03, 2.06,  599, 0.483437, 0.263163,0,0,0,0,0,0,0,0,0,Simbad,298.90576,41.04261,5819801,12.327,599.0,2.7774268223893115
4730,8752940,4892,4.201, 10.41, 0.02,16021, 1.104371, 0.588834,0,0,0,0,0,0,0,0,0,Simbad,291.58875,44.90751,8752940,14.383,16021.0,4.2046896204203605
4743,6468904,5459,4.609,  5.45, 0.00,22715, 1.710819, 0.769763,0,0,0,0,0,0,0,0,0,Simbad,298.68402,41.83149,6468904,14.94,22715.0,4.356312741150645
4748,11513486,5794,4.59, 17.23, 0.43, 4907, 0.704405, 0.468880,0,0,0,0,0,0,0,0,0,Simbad,294.78433,49.4921,11513486,15.724,4907.0,3.6908160579809155
4755,10118266,5230,4.594, 19.22, 0.05, 8080, 1.090377, 0.624436,0,0,0,0,0,0,0,0,0,Simbad,280.66519,47.11406,10118266,14.924,8080.0,3.907411360774586
4762,7098255,4426,4.55, 36.92, 0.73, 5210, 0.618792, 0.381366,0,0,0,0,0,0,0,0,0,Simbad,284.61008,42.68743,7098255,15.674,5210.0,3.7168377232995247
4774,4277304,5285,4.467, 30.73, 3.74, 1889, 0.499092, 0.314731,0,1,0,0,0,0,0,0,0,Simbad,295.12238,39.39103,4277304,13.882,1889.0,3.2762319579218335
4780,3849187,5413,4.794, 13.81, 0.05,24016, 1.319252, 0.691979,0,0,0,0,0,0,0,0,0,Simbad,291.13574,38.90543,3849187,15.414,24016.0,4.380500674899195
4797,7771181,4637,4.486, 13.08, 0.07, 6281, 1.246349, 0.668704,0,0,0,0,0,0,0,0,0,Simbad,297.34842,43.42122,7771181,15.693,6281.0,3.798028793404073
4803,4473613,5577,4.525, 10.16, 0.09,10769, 1.081909, 0.631475,0,0,0,0,0,0,0,0,0,Simbad,294.0827,39.5561,4473613,14.951,10769.0,4.032175376961363
4823,11401253,5343,3.817, 16.29, 0.37,10379, 1.021271, 0.629316,0,0,0,0,0,0,0,0,0,Simbad,290.99005,49.23313,11401253,12.739,10379.0,4.016155511951455
4838,8216763,4214,4.674, 35.21, 0.13, 7310, 0.976158, 0.523542,0,0,0,0,0,0,0,0,0,Simbad,284.26859,44.19754,8216763,15.073,7310.0,3.8639173769578603
4855,9827596,6076,4.784, 11.53, 0.07, 3511, 0.721087, 0.479802,0,0,0,0,0,0,0,0,0,Simbad,290.36142,46.66133,9827596,14.561,3511.0,3.545430829465351
4859,7094944,4641,4.388, 27.65, 0.52, 5552, 0.718721, 0.487130,0,0,0,0,0,0,0,0,0,Simbad,283.06223,42.629,7094944,15.562,5552.0,3.7444494574467986
4862,11973517,4268,4.584, 36.35, 3.86, 3649, 0.382151, 0.278012,0,0,0,0,0,0,0,0,0,Simbad,296.59799,50.35665,11973517,15.697,3649.0,3.5621738633646483
4875,2986833,3735,4.779, 30.30, 0.16, 7901, 0.988529, 0.584016,1,0,0,0,0,0,0,0,0,Simbad,290.78214,38.18779,2986833,15.783,7901.0,3.89768206179642
4885,9935642,5331,4.3, 25.09, 0.90, 5747, 0.789489, 0.485782,0,0,0,0,0,0,0,0,0,Simbad,283.45764,46.81954,9935642,15.03,5747.0,3.7594411971336976
4893,11970050,5774,4.773, 14.73, 0.02,11421, 1.412220, 0.680208,0,0,0,0,0,0,0,0,0,Simbad,295.08194,50.3446,11970050,15.652,11421.0,4.05770413153403
4895,12416597,5570,4.432, 21.93, 0.49, 3216, 0.624749, 0.422156,0,0,0,0,0,0,0,0,0,Simbad,295.51495,51.20374,12416597,14.732,3216.0,3.5073160400764136
4913,5769810,6286,4.334,  3.31, 0.02,  749, 0.350674, 0.254786,0,0,0,0,0,0,0,0,0,Simbad,283.6788,41.09688,5769810,13.36,749.0,2.8744818176994666
4926,1865864,4675,4.563, 21.58, 0.11,19709, 1.141734, 0.645627,0,0,0,0,0,0,0,0,0,Simbad,290.87305,37.36218,1865864,15.572,19709.0,4.294664589500175
4961,3001955,4683,4.559, 46.24, 1.41, 5080, 0.644677, 0.331952,0,0,0,0,0,0,0,0,0,Simbad,294.0845,38.15632,3001955,15.325,5080.0,3.7058637122839193
4978,3428127,5337,4.4, 24.09, 1.12, 4194, 0.366051, 0.257374,0,0,0,0,0,0,0,0,0,Simbad,286.59076,38.5583,3428127,15.278,4194.0,3.622628426129325
4981,3441795,5138,4.618, 25.05, 0.42, 6681, 1.079411, 0.573789,0,0,0,0,0,0,0,0,0,Simbad,290.94846,38.56591,3441795,15.466,6681.0,3.8248414717537007
4988,3542928,5580,4.541, 18.22, 0.13, 5358, 0.726738, 0.502448,0,0,0,0,0,0,0,0,0,Simbad,290.96146,38.67344,3542928,13.881,5358.0,3.7290027092721902
4992,3553900,5470,4.797, 14.48, 0.07,14203, 1.140220, 0.661110,0,0,0,0,0,0,0,0,0,Simbad,293.77448,38.65438,3553900,15.133,14203.0,4.152380087047603
5017,3852865,5531,4.465, 26.36, 0.09, 1437, 0.482012, 0.315814,0,0,0,0,0,0,0,0,0,Simbad,292.13519,38.92649,3852865,13.465,1437.0,3.157456768134226
5021,3863877,5585,4.686, 14.81, 0.15, 5567, 0.962684, 0.609372,0,0,0,0,0,0,0,0,0,Simbad,294.90323,38.95647,3863877,15.212,5567.0,3.7456212213069384
5022,3865815,5148,4.67, 23.11, 1.36, 6750, 0.865876, 0.547669,0,0,0,0,0,0,0,0,0,Simbad,295.35132,38.92704,3865815,12.501,6750.0,3.829303772831025
5031,3970397,5675,4.536, 15.30, 0.18, 3369, 0.676739, 0.468431,0,0,0,0,0,0,0,0,0,Simbad,295.51279,39.08849,3970397,12.152,3369.0,3.52750101098112
5046,4164511,6475,4.335,  4.18, 0.02, 3196, 0.709532, 0.487185,0,0,0,0,0,0,0,0,0,Simbad,293.24701,39.23669,4164511,13.006,3196.0,3.5046067706419537
5064,4469825,6365,4.555,  2.84, 0.00, 1373, 1.417888, 0.742040,0,0,0,0,0,0,0,0,0,Simbad,293.1196,39.5623,4469825,12.724,1373.0,3.137670537236755
5080,4740375,5738,4.45,  5.94, 0.00, 3262, 1.112005, 0.623239,0,0,0,0,0,0,0,0,0,Simbad,289.87711,39.83624,4740375,14.817,3262.0,3.513483956704257
5082,4750406,4770,4.786, 22.33, 0.15, 5162, 0.820391, 0.511330,0,0,0,0,0,0,0,0,0,Simbad,292.89105,39.88398,4750406,15.37,5162.0,3.71281800020785
5087,4770798,5484,4.219, 24.86, 4.04, 1192, 0.380666, 0.284833,0,0,0,0,0,0,0,0,0,Simbad,297.50919,39.88802,4770798,12.524,1192.0,3.076276255404218
5098,4912650,5140,4.436, 26.57, 0.81, 3159, 0.615872, 0.433237,0,0,0,0,0,0,0,0,0,Simbad,288.34174,40.09639,4912650,14.855,3159.0,3.499549625905149
5102,4917357,5279,4.776, 31.78, 3.32, 3072, 0.683080, 0.394904,0,0,0,0,0,0,0,0,0,Simbad,289.86099,40.05564,4917357,15.109,3072.0,3.4874212113594742
5133,5181086,4165,4.406, 42.11, 9.24, 1689, 0.515559, 0.302371,0,0,0,0,0,0,0,0,0,Simbad,290.0405,40.33738,5181086,14.205,1689.0,3.227629649571009
5142,5255259,5009,4.484, 11.17, 0.02,14336, 1.098830, 0.593091,0,0,0,0,0,0,0,0,0,Simbad,284.54691,40.46853,5255259,15.805,14336.0,4.15642799231805
5144,5262539,5664,4.393, 19.82, 2.22, 2221, 0.510183, 0.377040,0,0,0,0,0,0,0,0,0,Simbad,287.77182,40.44805,5262539,14.427,2221.0,3.346548558548474
5148,5281714,6089,4.43, 11.77, 0.11, 2190, 0.495887, 0.363315,0,0,0,0,0,0,0,0,0,Simbad,293.74628,40.41774,5281714,15.269,2190.0,3.3404441148401185
5156,5390913,6103,4.129,  1.67, 0.00,51689, 1.603345, 0.795720,0,0,0,0,0,0,0,0,0,Simbad,298.7175,40.54197,5390913,12.075,51689.0,4.713398130181177
5159,5397106,5801,4.38,  9.54, 0.05, 2484, 0.416790, 0.270509,0,0,0,0,0,0,0,0,0,Simbad,299.84723,40.50777,5397106,14.95,2484.0,3.3951515915045425
5160,5425643,4105,4.422, 19.67, 0.30, 7710, 0.888598, 0.526398,0,0,0,0,0,0,0,0,0,Simbad,282.9101,40.64652,5425643,15.594,7710.0,3.8870543780509568
5162,5428199,3700,4.833, 22.26, 0.21, 2230, 1.082725, 0.628166,1,0,0,0,0,0,0,0,0,Simbad,284.19696,40.64125,5428199,13.347,2230.0,3.3483048630481607
5169,5443320,5041,4.445, 10.29, 0.10, 6902, 1.193898, 0.633759,0,0,0,0,0,0,0,0,0,Simbad,290.20547,40.66993,5443320,15.47,6902.0,3.838974954955468
5176,5529385,5532,4.472, 17.34, 0.43, 2281, 0.743308, 0.506053,0,0,0,0,0,0,0,0,0,Simbad,290.43491,40.77724,5529385,13.372,2281.0,3.3581252852766488
5177,5547424,4158,4.649, 31.18, 0.31, 5749, 0.657156, 0.460614,0,0,0,0,0,0,0,0,0,Simbad,295.62753,40.70625,5547424,15.999,5749.0,3.759592308645975
5188,5650930,6240,4.28,  5.66, 0.01,  860, 0.828649, 0.563832,0,0,0,0,0,0,0,0,0,Simbad,299.28336,40.83439,5650930,12.376,860.0,2.934498451243568
5192,5697395,4738,4.606, 32.00, 0.24, 3712, 0.815557, 0.477691,0,0,0,0,0,0,0,0,0,Simbad,289.22729,40.94949,5697395,14.867,3712.0,3.5696079675468244
5196,5734702,6407,4.405,  1.83, 0.00,  527, 0.301710, 0.269821,0,0,0,0,0,0,0,0,0,Simbad,298.92667,40.97045,5734702,12.361,527.0,2.7218106152125467
5198,5780194,5295,4.91, 23.88, 0.47, 4513, 0.508143, 0.363340,0,0,0,0,0,0,0,0,0,Simbad,288.32599,41.02762,5780194,15.683,4513.0,3.654465333520146
5211,5946568,5289,4.645,  7.06, 0.00,21810, 1.076288, 0.578865,0,0,0,0,0,0,0,0,0,Simbad,287.00836,41.2891,5946568,12.936,21810.0,4.3386556655787
5216,5965629,5658,4.57, 20.90, 0.22, 5034, 0.561981, 0.390103,0,0,0,0,0,0,0,0,0,Simbad,293.46365,41.29094,5965629,15.495,5034.0,3.701913211212344
5235,6065010,6123,4.414,  7.53, 0.17, 3167, 0.585308, 0.428180,0,0,0,0,0,0,0,0,0,Simbad,297.76724,41.36653,6065010,12.885,3167.0,3.500648063371912
5242,6143819,5780,4.438, 18.74, 0.09,11677, 1.277050, 0.631945,0,1,0,0,0,0,0,0,0,Simbad,297.17383,41.47111,6143819,13.855,11677.0,4.067331280208168
5245,6184894,5221,4.511,  2.64, 0.00,54587, 1.645958, 0.792144,0,0,0,0,0,0,0,0,0,Simbad,284.05667,41.57673,6184894,13.028,54587.0,4.737089226944777
5257,6285906,5342,4.71, 14.63, 0.15,18302, 1.300606, 0.686787,0,0,0,0,0,0,0,0,0,Simbad,292.08868,41.60246,6285906,15.232,18302.0,4.262498551014768
5258,6287131,5211,4.903, 32.44, 5.68, 3170, 0.439395, 0.273263,0,0,0,0,0,0,0,0,0,Simbad,292.48141,41.63429,6287131,15.494,3170.0,3.5010592622177517
5292,6522124,5102,4.561, 11.25, 0.05, 7440, 1.230311, 0.663218,0,0,0,0,0,0,0,0,0,Simbad,291.71484,41.9325,6522124,15.385,7440.0,3.8715729355458786
5294,6525398,4391,4.621, 41.86, 0.65, 9533, 0.819239, 0.433843,0,0,0,0,0,0,0,0,0,Simbad,292.79022,41.94864,6525398,15.884,9533.0,3.9792295930221555
5310,6675757,5491,4.465, 21.96, 2.92, 3216, 0.499517, 0.376018,0,0,0,0,0,0,0,0,0,Simbad,286.52942,42.16751,6675757,13.993,3216.0,3.5073160400764136
5316,6695801,5971,4.385,  9.90, 0.02,14384, 1.219410, 0.671542,0,0,0,0,0,0,0,0,0,Simbad,293.0849,42.15055,6695801,14.582,14384.0,4.157879674389154
5341,7009548,6089,4.204,  3.11, 0.01, 7624, 1.152510, 0.649553,0,0,0,0,0,0,0,0,0,Simbad,282.29132,42.54551,7009548,12.493,7624.0,3.88218288763027
5352,7101726,5535,4.417,  4.11, 0.04,11700, 1.395102, 0.714823,0,0,0,0,0,0,0,0,0,Simbad,286.19986,42.61301,7101726,15.059,11700.0,4.068185861746161
5358,7125794,6386,4.265,  6.17, 0.07,  555, 0.332290, 0.271489,0,0,0,0,0,0,0,0,0,Simbad,294.15234,42.61898,7125794,12.968,555.0,2.7442929831226763
5361,7138841,6092,4.181,  9.23, 0.19, 7623, 1.181889, 0.651845,0,0,0,0,0,0,0,0,0,Simbad,297.39395,42.68696,7138841,13.454,7623.0,3.882125919770032
5367,7191523,5604,4.676, 20.29, 0.08, 4939, 0.826873, 0.509727,0,0,0,0,0,0,0,0,0,Simbad,289.03937,42.70144,7191523,14.03,4939.0,3.693639026161548
5391,7456380,5221,4.569, 21.66, 0.39, 3639, 0.691747, 0.461989,0,0,0,0,0,0,0,0,0,Simbad,295.06079,43.05881,7456380,14.598,3639.0,3.5609820555862353
5392,7458433,6074,4.5,  2.90, 0.00, 6306, 1.364475, 0.724954,0,0,0,0,0,0,0,0,0,Simbad,295.57947,43.06356,7458433,14.162,6306.0,3.799753966411886
5406,7625138,6086,3.979,  7.29, 0.06,  555, 0.351721, 0.257212,0,0,0,0,0,0,0,0,0,Simbad,296.65967,43.27029,7625138,11.331,555.0,2.7442929831226763
5408,7631138,5139,4.144,  8.80, 0.01,17598, 1.491463, 0.754262,0,0,0,0,0,0,0,0,0,Simbad,298.03403,43.22827,7631138,14.03,17598.0,4.245463313364196
5418,7747091,5297,4.619, 21.63, 0.06,10014, 1.271477, 0.631091,0,0,0,0,0,0,0,0,0,Simbad,289.72818,43.48824,7747091,15.181,10014.0,4.00060758706289
5426,7770901,5805,4.215, 18.27, 0.10, 1502, 0.883130, 0.524119,0,0,0,0,0,0,0,0,0,Simbad,297.29047,43.46779,7770901,13.701,1502.0,3.17666993266815
5430,7811057,5026,3.993, 30.00, 1.57, 5457, 0.655202, 0.417618,0,0,0,0,0,0,0,0,0,Simbad,287.49988,43.59108,7811057,13.255,5457.0,3.736953953783146
5433,7829836,5938,4.457, 17.63, 0.51, 2134, 0.542992, 0.361554,0,0,0,0,0,0,0,0,0,Simbad,294.30466,43.5097,7829836,14.573,2134.0,3.329194415088451
5439,7885558,5344,4.589, 18.09, 0.06, 7378, 1.159180, 0.638276,0,0,0,0,0,0,0,0,0,Simbad,289.97064,43.66224,7885558,14.901,7378.0,3.8679386508907845
5454,7978202,4829,4.536, 29.97, 0.08, 5300, 0.783060, 0.480553,0,0,0,0,0,0,0,0,0,Simbad,297.5083,43.71095,7978202,14.15,5300.0,3.724275869600789
5458,8007174,4875,4.56, 29.48, 0.13, 5027, 0.568955, 0.413044,0,0,0,0,0,0,0,0,0,Simbad,281.8277,43.80869,8007174,15.602,5027.0,3.7013088852280753
5467,8040308,5318,4.78, 21.17, 0.27, 6566, 0.816917, 0.539405,0,0,0,0,0,0,0,0,0,Simbad,295.65958,43.85825,8040308,15.195,6566.0,3.817300878393321
5482,8158429,5607,4.607,  0.81, 0.00, 8139, 1.596041, 0.769496,0,0,0,0,0,0,0,0,0,Simbad,289.2291,44.09166,8158429,15.197,8139.0,3.9105710484812586
5484,8192427,5788,3.64,  2.93, 0.01, 1074, 1.228606, 0.651497,0,0,0,0,0,0,0,0,0,Simbad,299.59756,44.07642,8192427,11.784,1074.0,3.0310042813635367
5490,8234889,5374,4.688,  9.42, 0.01,16085, 1.300869, 0.708363,0,0,0,0,0,0,0,0,0,Simbad,292.38724,44.13007,8234889,15.503,16085.0,4.206421065237989
5526,8505674,5929,4.176,  1.44, 0.00,  700, 0.523722, 0.321434,0,1,0,0,0,0,0,0,0,Simbad,295.5806,44.56898,8505674,13.158,700.0,2.845098040014257
5535,8546464,3965,4.723, 25.07, 0.09,15096, 1.361576, 0.662052,1,0,0,0,0,0,0,0,0,Simbad,285.70206,44.68699,8546464,15.921,15096.0,4.178861887156875
5546,8571421,6116,4.711,  2.67, 0.02, 3007, 0.765035, 0.480121,0,0,0,0,0,0,0,0,0,Simbad,295.97278,44.64509,8571421,14.848,3007.0,3.4781334281005174
5547,8574794,5499,4.682, 21.63, 0.23, 3940, 0.785842, 0.497325,0,0,0,0,0,0,0,0,0,Simbad,296.9707,44.61042,8574794,14.851,3940.0,3.595496221825574
5553,8644911,5253,4.479, 14.98, 0.16, 9219, 0.975016, 0.577136,0,0,0,0,0,0,0,0,0,Simbad,298.23279,44.75643,8644911,15.54,9219.0,3.964683814976041
5570,8747910,5394,4.566, 23.04, 0.36, 5296, 0.780272, 0.496562,0,0,0,0,0,0,0,0,0,Simbad,289.62814,44.94242,8747910,14.789,5296.0,3.7239479764316434
5572,8807988,5033,4.814, 40.50, 1.75, 2235, 0.507879, 0.267181,0,0,0,0,0,0,0,0,0,Simbad,287.06146,45.03043,8807988,13.596,2235.0,3.3492775274679554
5574,8814872,4110,4.593, 22.25, 0.09, 9880, 1.170556, 0.654705,0,0,0,0,0,0,0,0,0,Simbad,290.30774,45.01141,8814872,15.85,9880.0,3.9947569445876283
5581,8891684,5403,4.227, 19.81, 0.09, 7989, 1.276979, 0.641066,0,0,0,0,0,0,0,0,0,Simbad,294.0434,45.13978,8891684,14.508,7989.0,3.9024924211586036
5597,9011877,5029,4.224, 29.38, 0.39, 7786, 0.692967, 0.437572,0,0,0,0,0,0,0,0,0,Simbad,287.82678,45.33132,9011877,13.725,7786.0,3.8913143993821433
5598,9012244,5822,4.368,  8.25, 0.08, 6293, 1.270640, 0.719014,0,0,0,0,0,0,0,0,0,Simbad,287.99823,45.39644,9012244,13.797,6293.0,3.7988577317474856
5602,9026007,5856,4.637, 17.45, 0.29, 2432, 0.522778, 0.371589,0,0,0,0,0,0,0,0,0,Simbad,293.29337,45.34254,9026007,14.624,2432.0,3.385963570600697
5609,9079671,5271,4.096, 22.48, 0.12, 6064, 0.819329, 0.529292,0,0,0,0,0,0,0,0,0,Simbad,287.76385,45.48216,9079671,12.706,6064.0,3.782759192623997
5620,9118858,6072,4.17,  7.54, 0.01, 3907, 0.929855, 0.601185,0,1,0,0,0,0,0,0,0,Simbad,300.72061,45.46087,9118858,13.802,3907.0,3.5918434112247843
5624,9142334,3756,4.787, 20.98, 0.05, 2422, 0.916257, 0.536536,1,0,0,0,0,0,0,0,0,Simbad,285.85172,45.51135,9142334,13.676,2422.0,3.3841741388070337
5632,9166700,6307,4.003,  3.90, 0.09,  427, 0.602047, 0.430494,0,0,0,0,0,0,0,0,0,Simbad,296.33813,45.54511,9166700,11.154,427.0,2.630427875025024
5633,9173014,6064,3.617,  2.45, 0.00,  649, 0.443174, 0.286124,0,0,0,0,0,0,0,0,0,Simbad,298.11365,45.56342,9173014,11.141,649.0,2.812244696800369
5641,9216231,4085,4.505, 22.36, 0.20,10211, 1.298753, 0.667272,0,0,0,0,0,0,0,0,0,Simbad,291.03244,45.64106,9216231,15.894,10211.0,4.0090682761922185
5642,9217583,6343,4.146,  2.44, 0.00,  740, 0.585502, 0.410299,0,0,0,0,0,0,0,0,0,Simbad,291.57455,45.61839,9217583,12.401,740.0,2.8692317197309762
5644,9224514,3732,4.809, 17.68, 0.09, 4586, 0.893383, 0.510470,1,0,0,0,0,0,0,0,0,Simbad,294.26019,45.69408,9224514,15.316,4586.0,3.66143405039392
5649,9274092,4972,4.617, 27.30, 0.11, 6830, 0.789626, 0.497586,0,0,0,0,0,0,0,0,0,Simbad,288.78986,45.72746,9274092,15.218,6830.0,3.8344207036815328
5653,9300066,4614,4.393, 29.46, 3.82, 3386, 0.464356, 0.306961,0,0,0,0,0,0,0,0,0,Simbad,298.3862,45.76423,9300066,15.545,3386.0,3.5296869537729165
5692,9575728,3903,4.728, 39.72, 6.93, 2728, 0.615805, 0.370244,1,0,0,0,0,0,0,0,0,Simbad,285.63629,46.24727,9575728,14.137,2728.0,3.4358443659844413
5697,9594992,5321,4.082, 15.70, 0.51, 6462, 1.137743, 0.664127,0,0,0,0,0,0,0,0,0,Simbad,294.53946,46.29477,9594992,15.496,6462.0,3.8103669536816254
5702,9659022,5871,4.455, 12.51, 0.03,15398, 1.512032, 0.704264,0,0,0,0,0,0,0,0,0,Simbad,295.69479,46.31933,9659022,15.462,15398.0,4.187464315292919
5723,9848760,4976,4.615, 36.42, 0.41, 7173, 0.429165, 0.254594,0,0,0,0,0,0,0,0,0,Simbad,298.155,46.60012,9848760,15.466,7173.0,3.855700830835437
5727,9881660,4534,4.54, 24.19, 0.04,19150, 1.201845, 0.629559,0,0,0,0,0,0,0,0,0,Simbad,287.36737,46.76865,9881660,15.676,19150.0,4.282168778304642
5748,9993683,5104,4.415, 31.27, 0.36, 3016, 0.534154, 0.344354,0,0,0,0,0,0,0,0,0,Simbad,282.50021,46.91857,9993683,14.489,3016.0,3.4794313371977363
5759,10064591,5845,4.418,  6.58, 0.04, 7667, 1.204264, 0.674289,0,0,0,0,0,0,0,0,0,Simbad,287.09412,47.07536,10064591,13.248,7667.0,3.8846254632562345
5773,10189542,5459,4.54, 25.48, 5.54, 3265, 0.801754, 0.474530,0,0,0,0,0,0,0,0,0,Simbad,283.02139,47.25965,10189542,14.346,3265.0,3.5138831856110926
5779,10222603,5861,4.625, 15.07, 0.04, 5000, 0.878446, 0.546217,0,0,0,0,0,0,0,0,0,Simbad,297.09702,47.22349,10222603,13.725,5000.0,3.6989700043360187
5790,10394802,4806,4.576, 27.67, 0.63, 9192, 1.177887, 0.597328,0,0,0,0,0,0,0,0,0,Simbad,287.29132,47.59825,10394802,15.518,9192.0,3.9634100156802288
5802,10547378,5262,3.815, 41.07, 0.39, 6859, 0.543773, 0.278890,0,0,0,0,0,0,0,0,0,Simbad,296.4761,47.70302,10547378,13.945,6859.0,3.836260802858487
5809,10579570,3992,4.532, 17.55, 0.05, 5289, 1.114204, 0.629200,0,0,0,0,0,0,0,0,0,Simbad,281.66693,47.87691,10579570,13.771,5289.0,3.7233735670189843
5820,10677763,6303,4.207,  5.60, 0.07,  449, 0.347333, 0.281473,0,0,0,0,0,0,0,0,0,Simbad,296.40851,47.98212,10677763,12.138,449.0,2.6522463410033232
5825,10737437,5697,4.198, 16.25, 0.20, 3162, 0.625520, 0.448704,0,0,0,0,0,0,0,0,0,Simbad,294.28503,48.05945,10737437,13.934,3162.0,3.49996186559619
5829,10802364,5395,4.783, 25.17, 1.90, 2147, 0.585957, 0.400207,0,0,0,0,0,0,0,0,0,Simbad,293.91037,48.19208,10802364,14.857,2147.0,3.331832044436249
5839,10879899,6127,4.285,  3.41, 0.73,  805, 0.387430, 0.262029,0,0,0,0,0,0,0,0,0,Simbad,298.47745,48.22203,10879899,12.427,805.0,2.9057958803678687
5841,10920086,6478,4.167,  3.21, 0.00, 2338, 1.241481, 0.681464,0,0,0,0,0,0,0,0,0,Simbad,291.85208,48.31956,10920086,12.52,2338.0,3.3688445068258215
5858,11046870,6088,4.59, 10.32, 0.09, 2150, 0.501467, 0.387097,0,0,0,0,0,0,0,0,0,Simbad,298.75833,48.59779,11046870,15.067,2150.0,3.3324384599156054
5863,11080702,5409,4.501,  9.21, 0.01,16120, 1.282282, 0.700299,0,0,0,0,0,0,0,0,0,Simbad,290.00208,48.65536,11080702,14.219,16120.0,4.207365037469072
5874,11152511,5314,4.222, 39.80, 0.60,  919, 0.598802, 0.314022,0,0,0,0,0,0,0,0,0,Simbad,298.06229,48.72492,11152511,13.618,919.0,2.9633155113861114
5877,11183752,5568,4.465, 18.91, 0.12, 3834, 0.790890, 0.517203,0,0,0,0,0,0,0,0,0,Simbad,288.21854,48.88674,11183752,15.571,3834.0,3.5836521085420436
5883,11305417,6316,4.256,  6.32, 0.05,  657, 0.387636, 0.324106,0,0,0,0,0,0,0,0,0,Simbad,295.74002,49.01152,11305417,12.752,657.0,2.8175653695597807
5885,11340218,5522,4.553, 10.08, 0.08, 3686, 0.953646, 0.560891,0,0,0,0,0,0,0,0,0,Simbad,286.12357,49.10529,11340218,14.889,3686.0,3.566555330883055
5886,11341266,6437,4.004,  7.24, 0.16,  514, 0.411425, 0.293581,0,1,0,0,0,0,0,0,0,Simbad,286.79611,49.19426,11341266,13.074,514.0,2.710963118995276
5891,11391512,4488,4.543, 30.00, 0.91, 7285, 0.754511, 0.492905,0,0,0,0,0,0,0,0,0,Simbad,285.2085,49.20783,11391512,15.988,7285.0,3.862429556106009
5899,11446961,5344,4.427, 21.65, 0.20, 7905, 1.035680, 0.583604,0,0,0,0,0,0,0,0,0,Simbad,287.15372,49.33197,11446961,13.899,7905.0,3.8979018742682277
5909,11520114,4650,4.471, 39.66, 4.35, 5741, 0.495993, 0.288036,0,0,0,0,0,0,0,0,0,Simbad,297.39496,49.48494,11520114,15.975,5741.0,3.7589875468676195
5918,11601633,5178,4.505, 15.97, 0.07,21950, 1.174721, 0.677465,0,0,0,0,0,0,0,0,0,Simbad,286.49686,49.61458,11601633,14.258,21950.0,4.3414345245781405
5924,11616434,4897,4.547, 25.54, 0.39, 6797, 0.795661, 0.531074,0,0,0,0,0,0,0,0,0,Simbad,294.69086,49.62699,11616434,15.789,6797.0,3.8323172699222616
5926,11652427,4774,4.124, 19.56, 0.11,12890, 1.202257, 0.667059,0,0,0,0,0,0,0,0,0,Simbad,286.17105,49.71032,11652427,13.023,12890.0,4.110252917353403
5931,11773174,6247,4.305,  3.64, 0.36,  961, 0.369078, 0.265278,0,0,0,0,0,0,0,0,0,Simbad,296.55469,49.95809,11773174,11.794,961.0,2.9827233876685453
5935,11818566,4769,4.747, 16.56, 0.05,17123, 1.513521, 0.703557,0,0,0,0,0,0,0,0,0,Simbad,294.2063,50.0454,11818566,15.69,17123.0,4.233579856679016
5936,11819396,5882,4.473, 11.32, 0.03,15199, 1.338874, 0.689350,0,0,0,0,0,0,0,0,0,Simbad,294.56738,50.06972,11819396,15.025,15199.0,4.181815014999474
5941,11910670,5300,4.243, 64.35, 0.94, 2124, 0.639046, 0.289356,0,0,0,0,0,0,0,0,0,Simbad,289.65152,50.28262,11910670,13.783,2124.0,3.3271545124094315
5943,11923213,6103,4.416, 13.29, 0.07, 1998, 0.717518, 0.453344,0,0,0,0,0,0,0,0,0,Simbad,296.20459,50.23633,11923213,14.172,1998.0,3.3005954838899636
5952,12071775,5648,4.378,  9.95, 0.15, 5751, 1.246367, 0.706956,0,0,0,0,0,0,0,0,0,Simbad,296.40887,50.58517,12071775,15.025,5751.0,3.759743367597725
5954,12105086,5641,4.588, 12.11, 0.18, 7121, 1.216440, 0.678546,0,0,0,0,0,0,0,0,0,Simbad,288.05573,50.65369,12105086,13.144,7121.0,3.852540985769799
5955,12110901,5212,4.719, 15.03, 0.03,25050, 1.361681, 0.690254,0,0,0,0,0,0,0,0,0,Simbad,291.59988,50.63589,12110901,14.451,25050.0,4.398807730203265
5965,12349560,4693,4.611, 33.47, 0.49, 4571, 0.588898, 0.385020,0,0,0,0,0,0,0,0,0,Simbad,286.93784,51.12351,12349560,15.944,4571.0,3.6600112212893308
5966,12350136,4085,4.569, 14.34, 0.01,13324, 1.408631, 0.736794,0,0,0,0,0,0,0,0,0,Simbad,287.35873,51.15832,12350136,14.63,13324.0,4.124634624019139
5971,12418418,4468,4.477, 38.01, 1.22, 1465, 0.394151, 0.265595,0,0,0,0,0,0,0,0,0,Simbad,296.26324,51.26609,12418418,13.771,1465.0,3.1658376246901283
5972,12505590,5142,4.596, 22.96, 0.10, 9537, 1.124058, 0.598170,0,0,0,0,0,0,0,0,0,Simbad,288.62769,51.40013,12505590,15.29,9537.0,3.9794117826344353
5974,12554212,4680,4.618, 25.55, 0.08, 8388, 1.052851, 0.593960,0,1,0,0,0,0,0,0,0,Simbad,288.9162,51.53496,12554212,13.442,8388.0,3.923658421793306
6102,3545840,6493,4.151,  5.83, 0.00, 1602, 1.475421, 0.703291,0,0,0,0,0,0,0,0,0,Simbad,291.75204,38.66254,3545840,10.915,1602.0,3.204662511748219
6108,4139254,5365,4.381,  9.36, 0.01,  754, 1.440256, 0.743674,0,0,0,0,0,0,0,0,0,Simbad,285.8627,39.20528,4139254,12.12,754.0,2.877371345869774
6126,5121173,6026,3.706,  3.81, 0.02,  929, 0.546696, 0.354086,0,0,0,0,0,0,0,0,0,Simbad,297.16843,40.27552,5121173,13.439,929.0,2.968015713993642
6130,5428657,4457,4.487,  3.06, 0.00,27963, 1.638552, 0.796317,0,0,0,0,0,0,0,0,0,Simbad,284.44101,40.625,5428657,15.121,27963.0,4.446583762694299
6137,5816144,5913,4.443,  5.58, 0.00,15119, 1.104774, 0.629784,0,0,0,0,0,0,0,0,0,Simbad,298.19412,41.02933,5816144,14.191,15119.0,4.179523067035285
6143,6182093,6348,3.661,  4.30, 0.00,  967, 0.776276, 0.541878,0,0,0,0,0,0,0,0,0,Simbad,282.71991,41.51938,6182093,9.666,967.0,2.9854264740830017
6148,6593968,4285,4.584,  9.76, 0.03,17305, 1.537952, 0.762268,0,0,0,0,0,0,0,0,0,Simbad,287.91104,42.01404,6593968,15.778,17305.0,4.238171603630146
6160,7464205,5745,4.334,  5.48, 0.00, 1098, 1.093723, 0.612450,0,0,0,0,0,0,0,0,0,Simbad,296.85583,43.05831,7464205,12.744,1098.0,3.040602340114073
6168,7974634,6194,4.341,  2.75, 0.01,  779, 0.874904, 0.542780,0,0,0,0,0,0,0,0,0,Simbad,296.58698,43.76692,7974634,12.236,779.0,2.8915374576725643
6170,8058507,6092,4.15,  7.62, 0.04,  801, 0.341149, 0.253748,0,0,0,0,0,0,0,0,0,Simbad,300.29269,43.81151,8058507,13.148,801.0,2.9036325160842376
6172,8163784,5287,4.687, 14.49, 0.15,20050, 1.164709, 0.684112,0,0,0,0,0,0,0,0,0,Simbad,291.06699,44.0712,8163784,14.458,20050.0,4.302114376956201
6182,8590149,5084,4.461, 14.86, 0.05,25225, 1.469253, 0.697701,0,0,0,0,0,0,0,0,0,Simbad,300.90247,44.61261,8590149,15.099,25225.0,4.401831174908948
6185,8646141,6330,3.93,  5.94, 0.02,  870, 0.925920, 0.578297,0,0,0,0,0,0,0,0,0,Simbad,298.54065,44.76758,8646141,13.409,870.0,2.9395192526186187
6186,8653134,5094,4.634,  5.10, 0.00,55755, 1.578493, 0.787393,0,1,0,0,0,0,0,0,0,Simbad,300.431,44.75101,8653134,13.116,55755.0,4.746283820151407
6188,8822421,5268,4.794,  1.64, 0.00,73981, 1.445815, 0.701930,0,0,0,0,0,0,0,0,0,Simbad,293.24701,45.05646,8822421,15.517,73981.0,4.869120197370653
6191,9093086,6029,4.458, 10.83, 0.01, 4333, 0.716099, 0.499534,0,0,0,0,0,0,0,0,0,Simbad,293.40323,45.49381,9093086,14.752,4333.0,3.636788689034375
6195,9153823,4467,4.481,  1.44, 0.00,65860, 1.694017, 0.814537,0,0,0,0,0,0,0,0,0,Simbad,291.48495,45.54567,9153823,15.356,65860.0,4.818621726375889
6215,10163066,4350,4.43, 25.81, 0.04, 9759, 1.100578, 0.604675,0,0,0,0,0,0,0,0,0,Simbad,298.90012,47.14648,10163066,15.165,9759.0,3.989405318001516
6222,10363233,5133,4.495, 12.83, 0.05,38508, 1.295008, 0.723875,0,0,0,0,0,0,0,0,0,Simbad,299.61707,47.40602,10363233,14.788,38508.0,4.585550963143129
6228,10717220,5489,4.539,  1.44, 0.00, 6379, 1.667483, 0.811170,0,0,0,0,0,0,0,0,0,Simbad,285.47504,48.03493,10717220,14.223,6379.0,3.8047526021504603
6240,11516930,5294,4.28,  9.06, 0.00,33665, 1.496553, 0.745471,0,0,0,0,0,0,0,0,0,Simbad,296.20621,49.47205,11516930,14.189,33665.0,4.527178618803965
6246,11856178,5887,4.541,  3.56, 0.05,11476, 1.443899, 0.743842,0,0,0,0,0,0,0,0,0,Simbad,287.16504,50.11323,11856178,11.767,11476.0,4.059790539573961
6249,12207117,5272,4.477,  1.59, 0.00,68313, 1.670889, 0.796580,0,0,0,0,0,0,0,0,0,Simbad,290.55728,50.83272,12207117,14.653,68313.0,4.834503358015773
